<parts>
	<part frame="9">explorer</part>
	<part frame="10">voodoo</part>
	<part frame="11">scuba</part>
	<part frame="12">shark</part>
	<part frame="13">chineseWarrior</part>
	<part frame="14">frenchman1</part>
	<part frame="15">frenchman2</part>
	<part frame="16">greekWarrior</part>
	<part frame="17">viking</part>
	<part frame="18">viking3</part>
	<part frame="19">lewis</part>
	<part frame="20">batman</part>
	<part frame="21">hillary</part>
	<part frame="22">sherpa</part>
	<part frame="23">franklin</part>
	<part frame="24">edworker1</part>
	<part frame="25">edworker2</part>
	<part frame="26">edworker4</part>
	<part frame="27">edworker5</part>
	<part frame="28">Nim2</part>
	<part frame="29">sponsorSpace</part>
	<part frame="30">sponsorFLoops</part>
	<part frame="31">old</part>
	<part frame="32">aztecMask</part>
	<part frame="33">sponsorFLoops2</part>
	<part frame="34">sponsorAJ</part>
	<part frame="35">drHare</part>
	<part frame="36">rabbitCon</part>
	<part frame="37">rabbitCon2</part>
	<part frame="38">cat</part>
	<part frame="39">radioactive</part>
	<part frame="40">policeman</part>
	<part frame="41">prisoner1</part>
	<part frame="42">nerd</part>
	<part frame="43">hero1</part>
	<part frame="44">hero2</part>
	<part frame="45">hero3</part>
	<part frame="46">hero4</part>
	<part frame="47">hero5</part>
	<part frame="48">hero6</part>
	<part frame="49">eyePatch</part>
	<part frame="50">skiMask</part>
	<part frame="51">chameleon</part>
	<part frame="52">SS</part>
	<part frame="53">funGlasses1</part>
	<part frame="54">funGlasses2</part>
	<part frame="55">funGlasses3</part>
	<part frame="56">laserVision</part>
	<part frame="57">dog</part>
	<part frame="58">trash</part>
	<part frame="59">tied</part>
	<part frame="60">chefBAD</part>
	<part frame="61">africanMask</part>
	<part frame="62">sponsorLego</part>
	<part frame="63">sponsorLego2</part>
	<part frame="64">egyptDigger</part>
	<part frame="65">egyptArch</part>
	<part frame="66">oldPilot</part>
	<part frame="67">miner1</part>
	<part frame="68">miner2</part>
	<part frame="69">sponsorCTCgirl</part>
	<part frame="70">sponsorCTCguy</part>
	<part frame="71">sponsorFLlemon</part>
	<part frame="72">pinkGlasses</part>
	<part frame="73">lawyer</part>
	<part frame="74">librarian</part>
	<part frame="75">hiker</part>
	<part frame="76">chef</part>
	<part frame="77">grandma</part>
	<part frame="78">biker</part>
	<part frame="79">grandpa</part>
	<part frame="80">baseball</part>
	<part frame="81">sponsorOS2</part>
	<part frame="82">montgomery</part>
	<part frame="83">santa</part>
	<part frame="84">rudolf</part>
	<part frame="85">yogosBucksGuy</part>
	<part frame="86">yogosBucksGirl</part>
	<part frame="87">scuba2</part>
	<part frame="88">sponsorSBdog</part>
	<part frame="89">sponsorSBsuit</part>
	<part frame="90">monkey</part>
	<part frame="91">sheep</part>
	<part frame="92">pKnight1</part>
	<part frame="93">pLion</part>
	<part frame="94">pRooster1</part>
	<part frame="95">pRooster2</part>
	<part frame="96">pRooster3</part>
	<part frame="97">pGeisha1</part>
	<part frame="98">pGeisha2</part>
	<part frame="99">pGeisha3</part>
	<part frame="100">pRobot</part>
	<part frame="101">pRobot1b</part>
	<part frame="102">girlCap1</part>
	<part frame="103">girlCap2</part>
	<part frame="104">girlCap3</part>
	<part frame="105">pZorro</part>
	<part frame="106">pSamurai</part>
	<part frame="107">pRockerGuy1</part>
	<part frame="108">pRockerGuy2</part>
	<part frame="109">pRockerGuy3</part>
	<part frame="110">pRockerGirl1</part>
	<part frame="111">pRockerGirl2</part>
	<part frame="112">pRockerGirl3</part>
	<part frame="113">pRiding1</part>
	<part frame="114">pRiding2</part>
	<part frame="115">pRiding3</part>
	<part frame="116">pDragon1</part>
	<part frame="117">pDragon2</part>
	<part frame="118">pDragon3</part>
	<part frame="119">pMouse</part>
	<part frame="120">pDog1</part>
	<part frame="121">pDog2</part>
	<part frame="122">pDog3</part>
	<part frame="123">pPopGirl1</part>
	<part frame="124">pPopGirl2</part>
	<part frame="125">pPopGirl3</part>
	<part frame="126">pNinja1</part>
	<part frame="127">pRobinhood1</part>
	<part frame="128">pRobinhood2</part>
	<part frame="129">pRobinhood3</part>
	<part frame="130">pRobinhood4</part>
	<part frame="131">pRobinhood5</part>
	<part frame="132">sponsorPinoPino</part>
	<part frame="133">cyberJester</part>
	<part frame="134">astroChance</part>
	<part frame="135">redKnight</part>
	<part frame="136">blueKnight</part>
	<part frame="137">greenKnight</part>
	<part frame="138">astroGuard1</part>
	<part frame="139">astroCult</part>
	<part frame="140">astroManure</part>
	<part frame="141">astroGuard2</part>
	<part frame="142">sponsorFLoct</part>
	<part frame="143">pSingerGuy1</part>
	<part frame="144">pSingerGuy2</part>
	<part frame="145">pSingerGuy3</part>
	<part frame="146">pPirateGuy1</part>
	<part frame="147">pBaseball1Girl1</part>
	<part frame="148">pBaseball1Girl2</part>
	<part frame="149">pBaseball1Girl3</part>
	<part frame="150">pBaseball2Girl1</part>
	<part frame="151">pBaseball2Girl2</part>
	<part frame="152">pBaseball2Girl3</part>
	<part frame="153">pBaseball1Guy1</part>
	<part frame="154">pBaseball1Guy2</part>
	<part frame="155">pBaseball1Guy3</part>
	<part frame="156">pBaseball2Guy1</part>
	<part frame="157">pBaseball2Guy2</part>
	<part frame="158">pBaseball2Guy3</part>
	<part frame="159">pRobot2</part>
	<part frame="160">pRobot3</part>
	<part frame="161">pRobot4_1</part>
	<part frame="162">pRobot4_2</part>
	<part frame="163">pRobot4_3</part>
	<part frame="164">pRobot5</part>
	<part frame="165">sponsorWM2</part>
	<part frame="166">pAstronaut1</part>
	<part frame="167">sponsorCWMB4</part>
	<part frame="168">pFirefighter1</part>
	<part frame="169">pClown1</part>
	<part frame="170">pNinjaLE</part>
	<part frame="171">pPopGirlLE</part>
	<part frame="172">sponsorLegoBio</part>
	<part frame="173">pBiker1</part>
	<part frame="174">pBiker2</part>
	<part frame="175">pDareD1</part>
	<part frame="176">grimReaper</part>
	<part frame="177">hyde</part>
	<part frame="178">mummy</part>
	<part frame="179">sponsorGbMummy</part>
	<part frame="180">sponsorGbCrow</part>
	<part frame="181">pumpkinHead</part>
	<part frame="182">pumpkinHead2</part>
	<part frame="183">pumpkinHead3</part>
	<part frame="184">witch2</part>
	<part frame="185">skeleton1</part>
	<part frame="186">pWolf1</part>
	<part frame="187">sponsorMinc1</part>
	<part frame="188">sponsorSBsanta</part>
	<part frame="189">sponsorSBsanta4</part>
	<part frame="190">sponsorPFxmas</part>
	<part frame="191">shadyCop</part>
	<part frame="192">curator</part>
	<part frame="193">chef2</part>
	<part frame="194">conWorker1</part>
	<part frame="195">sponsorMinc3</part>
	<part frame="196">patron1</part>
	<part frame="197">pTigerShark</part>
	<part frame="198">frenchPol1</part>
	<part frame="199">frenchPol2</part>
	<part frame="200">sponsorSpyNext</part>
	<part frame="201">pSnowman</part>
	<part frame="202">tvSalesman</part>
	<part frame="203">papaPetes</part>
	<part frame="204">realityTeen</part>
	<part frame="205">sponsorWilson</part>
	<part frame="206">sponsorFizzy</part>
	<part frame="207">pFootball1</part>
	<part frame="208">pFootball2</part>
	<part frame="209">pFootball3</part>
	<part frame="210">pFootball4</part>
	<part frame="211">minotaur</part>
	<part frame="212">athenaOld</part>
	<part frame="213">triton</part>
	<part frame="214">mythBeach1</part>
	<part frame="215">mythBeach2</part>
	<part frame="216">sponsorBF5a</part>
	<part frame="217">sponsorBF5b</part>
	<part frame="218">sponsorBF5c</part>
	<part frame="219">sponsorBF5d</part>
	<part frame="220">sponsorBF5e</part>
	<part frame="221">sponsorTSBRbuzz</part>
	<part frame="222">pPunkGuy1</part>
	<part frame="223">pPunkGuy2</part>
	<part frame="224">pPunkGuy3</part>
	<part frame="225">pPunkGuy4</part>
	<part frame="226">pPunkGuy5</part>
	<part frame="227">pPunkGirl1</part>
	<part frame="228">pPunkGirl2</part>
	<part frame="229">pPunkGirl3</part>
	<part frame="230">pPunkGirl4</part>
	<part frame="231">pPunkGirl5</part>
	<part frame="232">pRabbot</part>
	<part frame="233">pDrHare_Scientist</part>
	<part frame="234">pDrHare_Hench</part>
	<part frame="235">pEinstein</part>
	<part frame="236">sponsorFurryV</part>
	<part frame="237">pDarkKnight_boy</part>
	<part frame="238">pDarkKnight_girl</part>
	<part frame="239">pKight_Earth</part>
	<part frame="240">pKnight_Heart</part>
	<part frame="241">pFool</part>
	<part frame="242">captCrawfish</part>
	<part frame="243">skullMainLadyFarm</part>
	<part frame="244">skullMainFarmer2</part>
	<part frame="245">skullMainGirl</part>
	<part frame="246">skullMainSadLady</part>
	<part frame="247">skullMoroLady2</part>
	<part frame="248">skullMoroLady3</part>
	<part frame="249">skullChinaMerch</part>
	<part frame="250">sponsorHypnotic</part>
	<part frame="251">pSkullPirate1</part>
	<part frame="252">pPromQueen1</part>
	<part frame="253">sponsorMH_Mummy</part>
	<part frame="254">sponsorMinion</part>
	<part frame="255">sponsorEdith</part>
	<part frame="256">sponsorMargo</part>
	<part frame="257">sponsorGoldfishB</part>
	<part frame="258">SponsorGoldfishG</part>
	<part frame="259">sponsorPercyJackson</part>
	<part frame="260">pMythSurferZeus</part>
	<part frame="261">pMythSurferHades</part>
	<part frame="262">pMythSurferPose</part>
	<part frame="263">steamCaptain</part>
	<part frame="264">sponsor_Ramona</part>
	<part frame="265">sponsor_SpyHelmet</part>
	<part frame="266">sponsorCDdog</part>
	<part frame="267">pHammerShark</part>
	<part frame="268">steamZach</part>
	<part frame="269">steamWorker1</part>
	<part frame="270">steamPilot</part>
	<part frame="271">pGamerGirl</part>
	<part frame="272">pGamerDude</part>
	<part frame="273">pNerdBoy</part>
	<part frame="274">pNerdGirl</part>
	<part frame="275">pVampire_boy</part>
	<part frame="276">pVampire_girl03</part>
	<part frame="277">pVampire_girl02</part>
	<part frame="278">sponsorTinkBobble</part>
	<part frame="279">sponsorNannyMcPhee</part>
	<part frame="280">sponsorAlphaOmega</part>
	<part frame="281">sponsorAlphaOmegaF</part>
	<part frame="282">sponsorAO_Omega</part>
	<part frame="283">sponsorAO_Alpha</part>
	<part frame="284">sponsor_POK-Tarantula</part>
	<part frame="285">sponsorFishHooks_helmet</part>
	<part frame="286">pSteamRobot</part>
	<part frame="287">Birthday_3</part>
	<part frame="288">peanutsMask</part>
	<part frame="289">sponsor_BarbiePirate</part>
	<part frame="290">sponsor_BarbieCat</part>
	<part frame="291">sponsor_bouncer</part>
	<part frame="292">sponsor_BarbiePirateB</part>
	<part frame="293">sponsorLegoHero</part>
	<part frame="294">sponsorFLPharoah</part>
	<part frame="295">sponsorFLPharoah_g</part>
	<part frame="296">sponsorAppleJacks_blitz_apple</part>
	<part frame="297">sponsorBarbieGGdog1</part>
	<part frame="298">scottishMan</part>
	<part frame="299">rowBoatMan</part>
	<part frame="300">sponsorMummyFL</part>
	<part frame="301">HNC_HoneyDefender</part>
	<part frame="302">nessieTourist1</part>
	<part frame="303">haroldMews</part>
	<part frame="304">gretchen</part>
	<part frame="305">gretchen_glasses</part>
	<part frame="306">balloonPilate01</part>
	<part frame="307">balloonPilate02</part>
	<part frame="308">gliderGirl</part>
	<part frame="309">snootyLady</part>
	<part frame="310">HunterGiveUp</part>
	<part frame="311">barPatron1</part>
	<part frame="312">surlyDartMan</part>
	<part frame="313">barPatron2</part>
	<part frame="314">farmerBoy</part>
	<part frame="315">PuertoRico_Farmer1</part>
	<part frame="316">PuertoRicoFarmerBrother</part>
	<part frame="317">PuertoRicoFarmer2</part>
	<part frame="318">PuertoRicoFarmer3</part>
	<part frame="319">bartenderPub</part>
	<part frame="320">oldSherpa</part>
	<part frame="321">youngSherpa</part>
	<part frame="322">nateG</part>
	<part frame="323">nateG2</part>
	<part frame="324">tyson</part>
	<part frame="325">townie9</part>
	<part frame="326">fortuneHunter2</part>
	<part frame="327">fortuneHunter1</part>
	<part frame="328">sponsorOS3</part>
	<part frame="329">sponsorOS3_Ursa</part>
	<part frame="330">sponsorOS3_Doug</part>
	<part frame="331">pDisco_King</part>
	<part frame="332">pDisco_Queen</part>
	<part frame="333">sponsorRedRanger</part>
	<part frame="334">sponsorYellowRanger</part>
	<part frame="335">promoWWday4</part>
	<part frame="336">promoWWday3</part>
	<part frame="337">promoWWmemOnly</part>
	<part frame="338">sponsorGnomeo</part>
	<part frame="339">sponsorJuliet</part>
	<part frame="340">sponsorPinkRanger</part>
	<part frame="341">wwMustachioB</part>
	<part frame="342">wwRJEarl</part>
	<part frame="343">wwMarshal</part>
	<part frame="344">wwGSEvil</part>
	<part frame="345">wwGambler</part>
	<part frame="346">wwConductor</part>
	<part frame="347">wwBanditGirl</part>
	<part frame="348">wwProspector</part>
	<part frame="349">wwRough</part>
	<part frame="350">wwNoName</part>
	<part frame="351">sponsorMarsNeedsMomsVisor</part>
	<part frame="352">sponsorMarsNeedsMoms_gribblehat</part>
	<part frame="353">Members_Paperboy/Girl</part>
	<part frame="354">sponsorMonsterHigh</part>
	<part frame="355">pOutlaw_boys</part>
	<part frame="356">pOutlaw_girls</part>
	<part frame="357">paperBoy_01</part>
	<part frame="358">paperBoy_02</part>
	<part frame="359">paperGirl_01</part>
	<part frame="360">paperGirl_02</part>
	<part frame="361">pLawman</part>
	<part frame="362">pPeaceKeeper</part>
	<part frame="363">sponsorChuck</part>
	<part frame="364">MTHjack</part>
	<part frame="365">MTHfisherman</part>
	<part frame="366">MTHshogunCasual</part>
	<part frame="367">MTHshogunArmor</part>
	<part frame="368">MTHbasho</part>
	<part frame="369">pNinja02</part>
	<part frame="370">MTHsamurai01</part>
	<part frame="371">MTHsamurai02</part>
	<part frame="372">MTHninjaBlue</part>
	<part frame="373">MTHninjaWhite</part>
	<part frame="374">MTHdragPup01</part>
	<part frame="375">MTHdragPup02</part>
	<part frame="376">MTHbookie</part>
	<part frame="377">MTHfishmonger</part>
	<part frame="378">MTHforeman</part>
	<part frame="379">sponsorGoldfishBunniesHat</part>
	<part frame="380">sponsorGoldfishBunniesHead</part>
	<part frame="381">MTHgardener01</part>
	<part frame="382">sponsor_looneyTunesShow</part>
	<part frame="383">sponsorLemonadeMouth</part>
	<part frame="384">sponsorLM_Olivia</part>
	<part frame="385">sponsor_LM_Stella</part>
	<part frame="386">sponsorGnomeoBluRayBlue</part>
	<part frame="387">sponsorGnomeoBluRayRed</part>
	<part frame="388">sponsorGnomeoBluRayGreen</part>
	<part frame="389">sponsorJulietRed</part>
	<part frame="390">sponsorJulietBlue</part>
	<part frame="391">sponsorJulietGreen</part>
	<part frame="392">sponsorRingLeader</part>
	<part frame="393">TcamoGuy</part>
	<part frame="394">TiceSH</part>
	<part frame="395">TshrkSfr</part>
	<part frame="396">TfunGlasses</part>
	<part frame="397">SRshady</part>
	<part frame="398">LSword_robot1</part>
	<part frame="399">TboogaShaman</part>
	<part frame="400">sponsorGregWrapped</part>
	<part frame="401">sponsor_PoppersPenguinsHat</part>
	<part frame="402">SRsilva</part>
	<part frame="403">ShrinkRayPromo1</part>
	<part frame="404">ShrinkRayPromo2</part>
	<part frame="405">LSword_robot2</part>
	<part frame="406">LSword_robot3</part>
	<part frame="407">sponsorFijitFriends</part>
	<part frame="408">Tcumulos</part>
	<part frame="409">sponsor_Rio_toucan</part>
	<part frame="410">LSword_robot4</part>
	<part frame="411">sponsor_Rio</part>
	<part frame="412">Sponsor_AdventureTime_FinnHead</part>
	<part frame="413">Sponsor_AdventureTime_JakeHead</part>
	<part frame="414">Tninja01</part>
	<part frame="415">Tsamurai</part>
	<part frame="416">mtHoudini</part>
	<part frame="417">mtTwain</part>
	<part frame="418">mtCleveland</part>
	<part frame="419">mtPorter</part>
	<part frame="420">mtPinkertonThug</part>
	<part frame="421">mtCoalMan</part>
	<part frame="422">MTtesla</part>
	<part frame="423">MTferris</part>
	<part frame="424">MTeiffel</part>
	<part frame="425">MTnyReporter</part>
	<part frame="426">MTtownie02</part>
	<part frame="427">Rich01</part>
	<part frame="428">MTrich03</part>
	<part frame="429">MTeiffelTowerHat</part>
	<part frame="430">mtPoliceman</part>
	<part frame="431">TrockKnight</part>
	<part frame="432">TdreadRocker</part>
	<part frame="433">pSherlock</part>
	<part frame="434">psherlock02</part>
	<part frame="435">sponsorHasbroFGN</part>
	<part frame="436">sponsorLionKing</part>
	<part frame="437">sponsorLionKing2</part>
	<part frame="438">GSrProf</part>
	<part frame="439">GSrAthlet</part>
	<part frame="440">GSrPopc</part>
	<part frame="441">GSrHost</part>
	<part frame="442">sponsorZookeeper</part>
	<part frame="443">GSrAthlet02</part>
	<part frame="444">GSfactoryWorker</part>
	<part frame="445">GSdiaper</part>
	<part frame="446">sponsorPussNBoots</part>
	<part frame="447">Tron_robot</part>
	<part frame="448">Zombie</part>
	<part frame="449">GSempHat</part>
	<part frame="450">promo_Guidebk_glasses</part>
	<part frame="451">GSheatVision</part>
	<part frame="452">sponsorFijitFriendsDance</part>
	<part frame="453">sponsor_cabinFever</part>
	<part frame="454">sponsor_CabinFever_girl</part>
	<part frame="455">GSrobotPromo</part>
	<part frame="456">sponsorArthurChristmas</part>
	<part frame="457">EVile</part>
	<part frame="458">Skull_Mask</part>
	<part frame="459">sponsorFijitFriendsDanceEars</part>
	<part frame="460">sponsorSmurfsDVD</part>
	<part frame="461">sponsorChipWrecked_pSailing</part>
	<part frame="462">sponsorChipWrecked_tAlvin</part>
	<part frame="463">sponsorChipWrecked_Alvin</part>
	<part frame="464">sponsorChipWrecked_Brit</part>
	<part frame="465">sponsorBen10_HumungosaurFace</part>
	<part frame="466">pBully_bot</part>
	<part frame="467">sponsorChipWrecked_Simon</part>
	<part frame="468">sponsorChipWrecked_Jeanette</part>
	<part frame="469">Gcloaked</part>
	<part frame="470">Gcrone</part>
	<part frame="471">Ginnk</part>
	<part frame="472">Ginnkw</part>
	<part frame="473">Glighthouse</part>
	<part frame="474">GpromoDaphne</part>
	<part frame="475">GpromoHunter</part>
	<part frame="477">sponsorTreasureBuddies</part>
	<part frame="478">SRhazmat</part>
	<part frame="479">sponsor_Arrietty_Pod</part>
	<part frame="480">sponsorBlueRanger</part>
	<part frame="481">sponsorGoldRanger</part>
	<part frame="482">sponsorRangersMooger</part>
	<part frame="483">VCvillager1</part>
	<part frame="484">sponsor_Lorax_Mustache</part>
	<part frame="485">VCvillager3</part>
	<part frame="486">sponsor_McGurk</part>
	<part frame="487">sponsorMirrorMirror_Hat</part>
	<part frame="488">sponsorDizzyDancersMandiPandee</part>
	<part frame="489">sponsorDizzyDancersLulaBlu</part>
	<part frame="490">VChunter</part>
	<part frame="491">sponsor_DD_Penolopaw</part>
	<part frame="492">sponsor_DD_Dragaloo</part>
	<part frame="493">sponsorUltimateSpiderman_Mask</part>
	<part frame="494">p_CountessVampire</part>
	<part frame="495">p_CountVampire</part>
	<part frame="496">sponsorChipWreckedDVD_Alvin</part>
	<part frame="497">sponsorChipWreckedDVD_Brit</part>
	<part frame="498">TT_elf1</part>
	<part frame="499">TT_elf2</part>
	<part frame="500">WLgoon</part>
	<part frame="501">pLumberjerk</part>
	<part frame="502">pLumberjerk_girl</part>
	<part frame="503">pTroll</part>
	<part frame="504">TT_goblin</part>
	<part frame="505">sponsorThePirates_LizHat</part>
	<part frame="506">sponsorThePirates_CapHat</part>
	<part frame="507">Pie_Hat</part>
	<part frame="508">Sponsor_AdventureTime_FakeFinnHead</part>
</parts>