<parts>
	<part frame="31">bald</part>
	<part frame="45">leo</part>
	<part frame="46">vendor</part>
	<part frame="47">explorer</part>
	<part frame="48">skater</part>
	<part frame="49">goth</part>
	<part frame="50">shark</part>
	<part frame="51">voodoo</part>
	<part frame="52">finVendor</part>
	<part frame="53">oldExplorer</part>
	<part frame="54">hulaLady</part>
	<part frame="55">fisherman</part>
	<part frame="56">aztecWarrior</part>
	<part frame="57">aztecKing</part>
	<part frame="58">aztecWoman</part>
	<part frame="59">aztecQueen</part>
	<part frame="60">aztecSlave</part>
	<part frame="61">aztecWomanSlave</part>
	<part frame="62">aztecWiseGuy</part>
	<part frame="63">chineseWarrior</part>
	<part frame="64">chineseWiseGuy</part>
	<part frame="65">chineseArtist</part>
	<part frame="66">chinesePeasant</part>
	<part frame="67">bartholdi</part>
	<part frame="68">oracle</part>
	<part frame="69">greekLady</part>
	<part frame="70">jefferson</part>
	<part frame="71">turbinGuy</part>
	<part frame="72">turbinLady</part>
	<part frame="73">clark</part>
	<part frame="74">lewis</part>
	<part frame="75">sacagawea</part>
	<part frame="76">york</part>
	<part frame="77">toussaint</part>
	<part frame="78">franklin</part>
	<part frame="79">adams</part>
	<part frame="80">tourist</part>
	<part frame="81">leoassist</part>
	<part frame="82">spanishcon</part>
	<part frame="83">frenchman</part>
	<part frame="84">referee</part>
	<part frame="85">gasDude</part>
	<part frame="86">dinerWaitress</part>
	<part frame="87">dinerCook</part>
	<part frame="88">farmer</part>
	<part frame="89">mayor</part>
	<part frame="90">hobo</part>
	<part frame="91">prisoner1</part>
	<part frame="92">prisoner2</part>
	<part frame="93">prisoner3</part>
	<part frame="94">prisoner4</part>
	<part frame="95">prisoner5</part>
	<part frame="96">prisoner6</part>
	<part frame="97">nerd</part>
	<part frame="98">tailor</part>
	<part frame="99">hotDogVendor</part>
	<part frame="100">pretzelVendor</part>
	<part frame="101">cat</part>
	<part frame="102">fm1</part>
	<part frame="103">fm2</part>
	<part frame="104">fm3</part>
	<part frame="105">fm4</part>
	<part frame="106">fm5</part>
	<part frame="107">fm6</part>
	<part frame="108">fm7</part>
	<part frame="109">fm8</part>
	<part frame="110">fm9</part>
	<part frame="111">fm10</part>
	<part frame="112">fm11</part>
	<part frame="113">fm12</part>
	<part frame="114">fm13</part>
	<part frame="115">fm14</part>
	<part frame="116">fm15</part>
	<part frame="117">fm16</part>
	<part frame="118">Sears1</part>
	<part frame="119">Sears2</part>
	<part frame="120">Sears3</part>
	<part frame="121">Sears5</part>
	<part frame="122">Sears6</part>
	<part frame="123">agentGirl</part>
	<part frame="124">agentGuy</part>
	<part frame="125">camoHat</part>
	<part frame="126">promHair</part>
	<part frame="127">dog</part>
	<part frame="128">swaziGuy1</part>
	<part frame="129">swaziGuy2</part>
	<part frame="130">africanGuy2</part>
	<part frame="131">africanShepherd</part>
	<part frame="132">zuluGuy1</part>
	<part frame="133">africanLady1</part>
	<part frame="134">africanLady2</part>
	<part frame="135">africanLady3</part>
	<part frame="136">africanLady4</part>
	<part frame="137">africanLady5</part>
	<part frame="138">africanLady6</part>
	<part frame="139">egyptDigger</part>
	<part frame="140">sponsorTinkerbell</part>
	<part frame="141">sponsorWalmartElfM</part>
	<part frame="142">sponsorWalmartElfF</part>
	<part frame="143">sponsorWallEM</part>
	<part frame="144">sponsorWallEF</part>
	<part frame="145">girlHair1</part>
	<part frame="146">girlHair2</part>
	<part frame="147">girlHair3</part>
	<part frame="148">girlHair4</part>
	<part frame="149">girlHair5</part>
	<part frame="150">girlHair6</part>
	<part frame="151">hippie</part>
	<part frame="152">librarian</part>
	<part frame="153">basketball</part>
	<part frame="154">musicLoverG</part>
	<part frame="155">lawyer</part>
	<part frame="156">fastFood</part>
	<part frame="157">hipHop</part>
	<part frame="158">girlScout</part>
	<part frame="159">snootyGirl</part>
	<part frame="160">grandma</part>
	<part frame="161">cowGirl</part>
	<part frame="162">grandpa</part>
	<part frame="163">gothGirl</part>
	<part frame="164">geisha</part>
	<part frame="165">soccer</part>
	<part frame="166">magician</part>
	<part frame="167">sponsorOS2b</part>
	<part frame="168">FLpirate1</part>
	<part frame="169">FLpirate2</part>
	<part frame="170">FLpirate3</part>
	<part frame="171">pBall1</part>
	<part frame="172">pBall2</part>
	<part frame="173">pBall3</part>
	<part frame="174">sponsorHSM3guy</part>
	<part frame="175">sponsorHSM3girl</part>
	<part frame="176">pPharaoh</part>
	<part frame="177">pEgyptQ</part>
	<part frame="178">pRockerGuy1</part>
	<part frame="179">pRockerGuy2</part>
	<part frame="180">pRockerGuy3</part>
	<part frame="181">pRockerGirl1</part>
	<part frame="182">pRockerGirl2</part>
	<part frame="183">pRockerGirl3</part>
	<part frame="184">pPopGirl1</part>
	<part frame="185">pFairy1</part>
	<part frame="186">pFairy2</part>
	<part frame="187">pFairy3</part>
	<part frame="188">sponsorPinoFairy</part>
	<part frame="189">sponsorPinoPino</part>
	<part frame="190">cyberJester</part>
	<part frame="191">astroEvilPrincess</part>
	<part frame="192">astroMonk</part>
	<part frame="193">astroServant2</part>
	<part frame="194">astroChance</part>
	<part frame="195">astroPrincess</part>
	<part frame="196">astroServant1</part>
	<part frame="197">astroQueen</part>
	<part frame="198">astroRoyal1</part>
	<part frame="199">astroKing</part>
	<part frame="200">astroVill2</part>
	<part frame="201">sponsorFLoctF</part>
	<part frame="202">sponsorFLoctM</part>
	<part frame="203">sponsorFLoct2</part>
	<part frame="204">astroVill3</part>
	<part frame="205">astroVill4</part>
	<part frame="206">astroPes2</part>
	<part frame="207">astroPes1</part>
	<part frame="208">astroCurrator</part>
	<part frame="209">astroGossip1</part>
	<part frame="210">astroGossip2</part>
	<part frame="211">astroGossip3</part>
	<part frame="212">astroGossip4</part>
	<part frame="213">astroGossip5</part>
	<part frame="214">astroAlien1</part>
	<part frame="215">astroAlien2</part>
	<part frame="216">astroAlien3</part>
	<part frame="217">astroAlien4</part>
	<part frame="218">astroAlien5</part>
	<part frame="219">astroAlien6</part>
	<part frame="220">pSingerGuy1</part>
	<part frame="221">pPirateGuy1</part>
	<part frame="222">pPirateGirl1</part>
	<part frame="223">pCowgirl1</part>
	<part frame="224">pCowboy1</part>
	<part frame="225">pKarateBoy1</part>
	<part frame="226">pKarateBoy2</part>
	<part frame="227">pKarateBoy3</part>
	<part frame="228">pKarateGirl1</part>
	<part frame="229">pKarateGirl2</part>
	<part frame="230">pKarateGirl3</part>
	<part frame="231">pCheerleader1</part>
	<part frame="232">pCheerleader2</part>
	<part frame="233">pCheerleader3</part>
	<part frame="234">pCheerleaderGoth</part>
	<part frame="235">sponsorWM1</part>
	<part frame="236">sponsorBedB1</part>
	<part frame="237">sponsorBedB2</part>
	<part frame="238">sponsorCWMB1</part>
	<part frame="239">sponsorCWMB2</part>
	<part frame="240">sponsorCWMB3</part>
	<part frame="241">pFirefighter1</part>
	<part frame="242">pFirefighter2</part>
	<part frame="243">pClown1</part>
	<part frame="244">pSheDevil</part>
	<part frame="245">pAngelF</part>
	<part frame="246">pAngelM</part>
	<part frame="247">pPopGirlLE</part>
	<part frame="248">pBiker1</part>
	<part frame="249">vampire</part>
	<part frame="250">frankenstein</part>
	<part frame="251">frankBride</part>
	<part frame="252">sponsorAstro1</part>
	<part frame="253">sponsorAstro2</part>
	<part frame="254">sponsorGbCrow</part>
	<part frame="255">witch</part>
	<part frame="256">witch2</part>
	<part frame="257">vampire2</part>
	<part frame="258">sponsorTinkerbell2</part>
	<part frame="259">sponsorTinkerbell3</part>
	<part frame="260">sponsorTinkerbell4</part>
	<part frame="261">sponsorFuel1</part>
	<part frame="262">sponsorFuel2</part>
	<part frame="263">sponsorEC1</part>
	<part frame="264">sponsorEC2</part>
	<part frame="265">pWolf1</part>
	<part frame="266">pLagoon</part>
	<part frame="267">pMunster</part>
	<part frame="268">sponsorSBsanta</part>
	<part frame="269">sponsorSBsanta3</part>
	<part frame="270">blackWidow1</part>
	<part frame="271">blackWidow2</part>
	<part frame="272">curator</part>
	<part frame="273">tourGuide</part>
	<part frame="274">sponsorPFxmas</part>
	<part frame="275">mime1</part>
	<part frame="276">mime2</part>
	<part frame="277">pBallerina1</part>
	<part frame="278">pBallerina2</part>
	<part frame="279">pBallerina3</part>
	<part frame="280">sponsorSpyNext</part>
	<part frame="281">sponsorCBee</part>
	<part frame="282">buckyLucas</part>
	<part frame="283">mikesMarket</part>
	<part frame="284">realityTeen</part>
	<part frame="285">sponsorFizzy</part>
	<part frame="286">sponsorMonkeyBall</part>
	<part frame="287">sponsorFLegypt1</part>
	<part frame="288">sponsorFLegypt2</part>
	<part frame="289">charon</part>
	<part frame="290">aeolus</part>
	<part frame="291">hades</part>
	<part frame="292">poseidon</part>
	<part frame="293">zeus</part>
	<part frame="294">hercules</part>
	<part frame="295">athena</part>
	<part frame="296">aphrodite</part>
	<part frame="297">dionysus</part>
	<part frame="298">minotaur</part>
	<part frame="299">mythPes1</part>
	<part frame="300">mythPes2</part>
	<part frame="301">mythPes3</part>
	<part frame="302">mythPes4</part>
	<part frame="303">mythPes5</part>
	<part frame="304">mythPes6</part>
	<part frame="305">mythPes7</part>
	<part frame="306">mythTeen1</part>
	<part frame="307">mythTeen2</part>
	<part frame="308">mythBeach1</part>
	<part frame="309">mythBeach2</part>
	<part frame="310">satyr</part>
	<part frame="311">sponsorWimpy1</part>
	<part frame="312">sponsorTSBRjess</part>
	<part frame="313">sponsorTSBRalien</part>
	<part frame="314">pMagic1</part>
	<part frame="315">pPunkGuy1</part>
	<part frame="316">pPunkGuy2</part>
	<part frame="317">pPunkGuy3</part>
	<part frame="318">pPunkGuy4</part>
	<part frame="319">pPunkGuy5</part>
	<part frame="320">pPunkGirl1</part>
	<part frame="321">pPunkGirl2</part>
	<part frame="322">pPunkGirl3</part>
	<part frame="323">pPunkGirl4</part>
	<part frame="324">pPunkGirl5</part>
	<part frame="325">pDrHare_Hench1</part>
	<part frame="326">pDrHare_Hench2</part>
	<part frame="327">pDrHare_Hench3</part>
	<part frame="328">pEinstein</part>
	<part frame="329">hades2</part>
	<part frame="330">sponsorKoiFish</part>
	<part frame="331">skullMainGuard1</part>
	<part frame="332">skullMainBoy</part>
	<part frame="333">fisherman3</part>
	<part frame="334">skullMainMerchant</part>
	<part frame="335">skullMainGov</part>
	<part frame="336">skullMainServant</part>
	<part frame="337">skullMainHayLady</part>
	<part frame="338">skullMainOldLady</part>
	<part frame="339">skullMainFarmer1</part>
	<part frame="340">skullMainOldMan</part>
	<part frame="341">captCrawfish</part>
	<part frame="342">skullPirate1</part>
	<part frame="343">skullPirate2</part>
	<part frame="344">skullPirate3</part>
	<part frame="345">skullPirate4</part>
	<part frame="346">skullPirate5</part>
	<part frame="347">skullPirate6</part>
	<part frame="348">skullPirate7</part>
	<part frame="349">skullPirate8</part>
	<part frame="350">skullPirate9</part>
	<part frame="351">skullSam</part>
	<part frame="352">skullNavigator</part>
	<part frame="353">skullBartender</part>
	<part frame="354">skullCannon</part>
	<part frame="355">skullWarehouse1</part>
	<part frame="356">skullInk</part>
	<part frame="357">skullElegantLady</part>
	<part frame="358">skullMerchant1</part>
	<part frame="359">skullMerchant2</part>
	<part frame="360">skullMerchant3</part>
	<part frame="361">skullMerchant4</part>
	<part frame="362">skullMoroLady1</part>
	<part frame="363">skullMoroLady2</part>
	<part frame="364">skullMoroLady3</part>
	<part frame="365">skullMoroBank1</part>
	<part frame="366">skullMoroBank2</part>
	<part frame="367">skullMoroGuy1</part>
	<part frame="368">skullMoroGuy2</part>
	<part frame="369">skullChinaGuy1</part>
	<part frame="370">skullChinaGuy2</part>
	<part frame="371">skullChinaMerch</part>
	<part frame="372">skullChinaWorker1</part>
	<part frame="373">skullChinaShipwright</part>
	<part frame="374">skullChinaWiseLady</part>
	<part frame="375">sponsorHypnotic</part>
	<part frame="376">pSkullPirate1a</part>
	<part frame="377">pSkullPirate1b</part>
	<part frame="378">pSkullPirate1c</part>
	<part frame="379">pSkullPirate1d</part>
	<part frame="380">sponsor_MH</part>
	<part frame="381">pPromKing1a</part>
	<part frame="382">pPromKing1b</part>
	<part frame="383">pPromKing1c</part>
	<part frame="384">pPromKing1d</part>
	<part frame="385">pPromQueen1</part>
	<part frame="386">sponsorMinion</part>
	<part frame="387">sponsorAgnes</part>
	<part frame="388">sponsorEdith</part>
	<part frame="389">sponsorMargo</part>
	<part frame="390">sponsorPercyJackson</part>
	<part frame="391">sponsorPercyZeus</part>
	<part frame="392">storeMythSurfer1</part>
	<part frame="393">storeMythSurfer2a</part>
	<part frame="394">storeMythSurfer2b</part>
	<part frame="395">storeMythSurfer2c</part>
	<part frame="396">pGradBoy1a</part>
	<part frame="397">pGradBoy1b</part>
	<part frame="398">pGradBoy3c</part>
	<part frame="399">pGradGirl1a</part>
	<part frame="400">pGradGirl1b</part>
	<part frame="401">pGradGirl1c</part>
	<part frame="402">pSoccer1a</part>
	<part frame="403">pSoccer1b</part>
	<part frame="404">pSoccer1c</part>
	<part frame="405">pSoccer1d</part>
	<part frame="406">pSoccerF1a</part>
	<part frame="407">pSoccerF1b</part>
	<part frame="408">pSoccerF1c</part>
	<part frame="409">pSoccerF1d</part>
	<part frame="410">sponsor_SelenaG</part>
	<part frame="411">sponsor_Ramona</part>
	<part frame="412">steamZach1</part>
	<part frame="413">steamZach2</part>
	<part frame="414">steamSully</part>
	<part frame="415">steamMayor</part>
	<part frame="416">steamCaptain</part>
	<part frame="417">pGamerGirl</part>
	<part frame="418">pGamerDude</part>
	<part frame="419">pNerdBoy</part>
	<part frame="420">pNerdGirl</part>
	<part frame="421">pVampire_boy</part>
	<part frame="422">pVampire_girl01</part>
	<part frame="423">pVampire_girl02</part>
	<part frame="424">pVampire_girl03</part>
	<part frame="425">sponsorTinkBobble</part>
	<part frame="426">sponsorFarmGirl</part>
	<part frame="427">sponsorFarmKid</part>
	<part frame="428">sponsorFarmBoy</part>
	<part frame="429">sponsorCityBoy</part>
	<part frame="430">sponsorCityGirl</part>
	<part frame="431">sponsorFarmMom</part>
	<part frame="432">sponsorNannyMcPhee</part>
	<part frame="433">sponsorAlphaOmega</part>
	<part frame="434">sponsor_MayanWarrior</part>
	<part frame="435">sponsor_FLWitchDoctor</part>
	<part frame="436">sponsor_POK-King</part>
	<part frame="437">sponsor_POK-Mason</part>
	<part frame="438">sponsor_POK-Tarantula</part>
	<part frame="439">sponsor_KK_Bully01</part>
	<part frame="440">sponsor_KK_Bully02</part>
	<part frame="441">sponsor_KK_Bully03</part>
	<part frame="442">sponsor_KK_Bully04</part>
	<part frame="443">sponsor_KK_Bully05</part>
	<part frame="444">sponsor_KK_Bully06</part>
	<part frame="445">sponsor_MrHan</part>
	<part frame="446">sponsor_KarateKid</part>
	<part frame="447">sponsorTSBRwoody</part>
	<part frame="448">sponsor_BarbiePirate</part>
	<part frame="449">sponsor_BarbieVampire</part>
	<part frame="450">sponsor_BarbieWizard</part>
	<part frame="451">sponsor_BarbieBee</part>
	<part frame="452">sponsorBarbieB</part>
	<part frame="453">sponsorBarbieCat</part>
	<part frame="454">sponsor_BarbiCostB</part>
	<part frame="455">sponsor_BarbieBWiz</part>
	<part frame="456">sponsor_BarbieBbee</part>
	<part frame="457">sponsorFLPharoah</part>
	<part frame="458">sponsorAppleJacks_blitz_Cinna</part>
	<part frame="459">sponsorBarbieGGgirl</part>
	<part frame="460">sponsorBarbieGGgirl2</part>
	<part frame="461">rowBoatMan</part>
	<part frame="462">subGuide</part>
	<part frame="463">Nessie_tourist1</part>
	<part frame="464">Nessie_tourist2</part>
	<part frame="465">Gulliver</part>
	<part frame="466">haroldMews</part>
	<part frame="467">Gretchen</part>
	<part frame="468">gardener</part>
	<part frame="469">gilderGirl</part>
	<part frame="470">maintenanceMan</part>
	<part frame="471">snootyLady</part>
	<part frame="472">butler</part>
	<part frame="473">HunterGiveUp</part>
	<part frame="474">surlyDartMan</part>
	<part frame="475">bartenderPub</part>
	<part frame="476">CampCook</part>
	<part frame="477">Tyson</part>
	<part frame="478">wwSaloonGirl</part>
	<part frame="479">OS3BunnyHat_boy</part>
	<part frame="480">OS3BunnyHat_girl</part>
	<part frame="481">nateG</part>
	<part frame="482">pTanglednLights_girl</part>
	<part frame="483">pTanglednLights_boy</part>
	<part frame="484">pDisco_King</part>
	<part frame="485">pDisco_Queen</part>
	<part frame="486">promoWWday1</part>
	<part frame="487">promoWWday2m</part>
	<part frame="488">promoWWday2f</part>
	<part frame="489">promoWWday3m</part>
	<part frame="490">promoWWday3f</part>
	<part frame="491">promoWWday5m</part>
	<part frame="492">promoWWday5f</part>
	<part frame="493">promoWWday6</part>
	<part frame="494">promoWWmemOnlym</part>
	<part frame="495">promoWWmemOnlyf</part>
	<part frame="496">wwTrader</part>
	<part frame="497">wwMustachio</part>
	<part frame="498">wwMustachioB</part>
	<part frame="499">wwPonyExpress</part>
	<part frame="500">wwPonyExpressB</part>
	<part frame="501">wwMarshal</part>
	<part frame="502">wwRuby</part>
	<part frame="503">wwGambler</part>
	<part frame="504">wwAnnie</part>
	<part frame="505">wwPhoto</part>
	<part frame="506">wwProspector</part>
	<part frame="507">wwBanker</part>
	<part frame="508">wwDeputy</part>
	<part frame="509">wwCattledriver</part>
	<part frame="510">wwRancher</part>
	<part frame="511">wwPospector</part>
	<part frame="512">wwPrisoner</part>
	<part frame="513">wwIndianGirl</part>
	<part frame="514">wwMan</part>
	<part frame="515">wwCowgirl</part>
	<part frame="516">wwGenericGuy</part>
	<part frame="517">wwAnnouncer</part>
	<part frame="518">wwMexBandiit</part>
	<part frame="519">wwCasinoPatron2</part>
	<part frame="520">wwSlouch01</part>
	<part frame="521">wwInvisible</part>
	<part frame="522">sideQuest_Rattlerhat</part>
	<part frame="523">SponsorMonsterHigh</part>
	<part frame="524">paperGirl_01</part>
	<part frame="525">paperGirl_02</part>
	<part frame="526">sponsorChuck</part>
	<part frame="527">sponsorMonsterHigh_gloomHairdoo</part>
	<part frame="528">MTHyokozuna</part>
	<part frame="529">MTHscaredSumo</part>
	<part frame="530">MTHbonsaiWoman</part>
	<part frame="531">MTHjack</part>
	<part frame="532">MTHannie</part>
	<part frame="533">MTHshogunCasual</part>
	<part frame="534">MTHbasho</part>
	<part frame="535">MTHreferee</part>
	<part frame="536">MTHtownie02</part>
	<part frame="537">MTHtownie03</part>
	<part frame="538">MTHtownie04</part>
	<part frame="539">MTHprisoner</part>
	<part frame="540">MTHdragonPuppeteer</part>
	<part frame="541">MTHdragonPuppeteer02</part>
	<part frame="542">MTHyokoAsst</part>
	<part frame="543">MTHbookie</part>
	<part frame="544">MTHartist</part>
	<part frame="545">MTHforeman</part>
	<part frame="546">MTHgardener02</part>
	<part frame="547">MTHgardener04</part>
	<part frame="548">MTHfanDancer</part>
	<part frame="549">sponsorLN_Mo</part>
	<part frame="550">sponsor_LM_Stella</part>
	<part frame="551">sponsorLM_Charlie</part>
	<part frame="552">MTHfemWar</part>
	<part frame="553">sponsor_KickinItJerry</part>
	<part frame="554">sponsor_KickinItJack</part>
	<part frame="555">Sponsor_KickinItKim</part>
	<part frame="556">sponsor_kickinItRudy</part>
	<part frame="557">MTHwoman</part>
	<part frame="558">MTHgardener03</part>
	<part frame="559">TcamoGuy</part>
	<part frame="560">TiceSH</part>
	<part frame="561">TpirateRed</part>
	<part frame="562">TpirateBlue</part>
	<part frame="563">TshrkSfr</part>
	<part frame="564">TrockStar</part>
	<part frame="565">SRcj</part>
	<part frame="566">SRmom</part>
	<part frame="567">SRstudent01</part>
	<part frame="568">SRstudent02</part>
	<part frame="569">sponsorGregWrapped</part>
	<part frame="570">SRsilva</part>
	<part frame="571">sponsorSmurfs1</part>
	<part frame="572">spnosorSmurfs2</part>
	<part frame="573">ShrinkRayPromo3</part>
	<part frame="574">Tcumulos</part>
	<part frame="575">mtHoudini</part>
	<part frame="576">mtSusanB</part>
	<part frame="577">mtTwain</part>
	<part frame="578">mtEdison</part>
	<part frame="579">mtCleveland</part>
	<part frame="580">mtPinkertonThug</part>
	<part frame="581">MTtesla</part>
	<part frame="582">Mtferris</part>
	<part frame="583">MTeiffel</part>
	<part frame="584">MTnyReporter</part>
	<part frame="585">MTfReporter</part>
	<part frame="586">MTtownie01</part>
	<part frame="587">MTtownie02</part>
	<part frame="588">Mttownie03</part>
	<part frame="589">Mtrich01</part>
	<part frame="590">Rich02</part>
	<part frame="591">mtCookSlowHair</part>
	<part frame="592">mtCookFastHair</part>
	<part frame="593">mtTwainReward</part>
	<part frame="594">mtMagiciansHatReward</part>
	<part frame="595">mtDancer</part>
	<part frame="596">mtFeeder</part>
	<part frame="597">mtJuggler</part>
	<part frame="598">TdreadRocker</part>
	<part frame="599">buzzCut</part>
	<part frame="600">pPopCake</part>
	<part frame="601">sponsorHasbroFGN2</part>
	<part frame="602">sponsorAuntOpal</part>
	<part frame="603">sponsor_carnivalHat</part>
	<part frame="604">sponsor_carnivalHat_boy</part>
	<part frame="605">GSrPopc</part>
	<part frame="606">GSrHost</part>
	<part frame="607">sponsor_JEhair</part>
	<part frame="608">sponser_m17</part>
	<part frame="609">promo_Popguidebk_hair</part>
	<part frame="610">sponsor_CavinFever</part>
	<part frame="611">sponsor_CabinFever_girl</part>
	<part frame="612">sponsorChipWrecked_tBritney</part>
	<part frame="613">sponsorChipWrecked_Zoe</part>
	<part frame="614">sponsorChipWrecked_Simon</part>
	<part frame="615">sponsorChipWrecked_Jeanette</part>
	<part frame="616">Gboater</part>
	<part frame="617">Ginnk</part>
	<part frame="618">Ginnkw</part>
	<part frame="619">Glodger</part>
	<part frame="620">Gtent</part>
	<part frame="621">Gtour</part>
	<part frame="622">Gvaliant</part>
	<part frame="623">Gtinfoil</part>
	<part frame="624">Gbaker</part>
	<part frame="625">GbakerW</part>
	<part frame="626">GpromoBrownLady</part>
	<part frame="627">GpromoHeadlessMan</part>
	<part frame="628">SRishmael</part>
	<part frame="629">SRboomer</part>
	<part frame="630">SRflask</part>
	<part frame="631">SRstubb</part>
	<part frame="632">SRstarbuck</part>
	<part frame="633">SRmate</part>
	<part frame="634">SRrich02</part>
	<part frame="635">sponsorMonsterHigh1600_hair</part>
	<part frame="636">sponsor_Arrietty</part>
	<part frame="637">VCdracula</part>
	<part frame="638">VCvillager2</part>
	<part frame="639">VCchris</part>
	<part frame="640">VCgothBoy</part>
	<part frame="641">VCgothGirl</part>
	<part frame="642">p_seaCaptain</part>
	<part frame="643">sponsorDizzyDancersMandiPandee</part>
	<part frame="644">sponsorDizzyDancersRozPawz</part>
	<part frame="645">sponsorMirrorMirror_hair</part>
	<part frame="646">p_CountessVampire</part>
	<part frame="647">p_CountVampire</part>
	<part frame="648">TT_elf3</part>
	<part frame="649">TT_elfQueen</part>
	<part frame="650">TT_goon</part>
	<part frame="651">TT_dev</part>
	<part frame="652">pLeprecaun</part>
	<part frame="653">pLeprechaun_girl</part>
	<part frame="654">sponsor_kerstie</part>
	<part frame="655">sponsor_lilly</part>
	<part frame="656">sponsor_Rick</part>
	<part frame="657">sponsor_PollyPocket</part>
	<part frame="658">sponsor_PollyPocket_lea</part>
	<part frame="659">sponsor_PollyPocket_lila</part>
</parts>