<parts>
	<part frame="2">glowStick</part>
	<part frame="3">brush</part>
	<part frame="4">bigSword</part>
	<part frame="5">basketball</part>
	<part frame="6">cellphone</part>
	<part frame="7">football</part>
	<part frame="8">racket</part>
	<part frame="9">guitar</part>
	<part frame="10">skater</part>
	<part frame="11">fish</part>
	<part frame="12">spear</part>
	<part frame="13">voodoo</part>
	<part frame="14">oldExplorer</part>
	<part frame="15">fisherman</part>
	<part frame="16">distressedMom</part>
	<part frame="17">aztecClub</part>
	<part frame="18">aztecSpear</part>
	<part frame="19">corn</part>
	<part frame="20">aztecStaff</part>
	<part frame="21">mallet</part>
	<part frame="22">chineseShovel</part>
	<part frame="23">scroll</part>
	<part frame="24">greekSpear</part>
	<part frame="25">oracle</part>
	<part frame="26">staff</part>
	<part frame="27">vikingAxe</part>
	<part frame="28">vikingSpear</part>
	<part frame="29">cane</part>
	<part frame="30">lewisRifle</part>
	<part frame="31">clarkTelescope</part>
	<part frame="32">icepick</part>
	<part frame="33">spansword</part>
	<part frame="34">aztecMask</part>
	<part frame="35">bag</part>
	<part frame="36">torch</part>
	<part frame="37">referee</part>
	<part frame="38">glass</part>
	<part frame="39">spatula</part>
	<part frame="40">pitchfork</part>
	<part frame="41">screwdriver</part>
	<part frame="42">pitcher</part>
	<part frame="43">trainGlass</part>
	<part frame="44">clipboard</part>
	<part frame="45">scissors</part>
	<part frame="46">tongs</part>
	<part frame="47">tnt</part>
	<part frame="48">pretzel</part>
	<part frame="49">moneybag</part>
	<part frame="50">hotdog</part>
	<part frame="51">handcuffs</part>
	<part frame="52">grenade</part>
	<part frame="53">canister</part>
	<part frame="54">chalice</part>
	<part frame="55">pointer</part>
	<part frame="56">wineglass</part>
	<part frame="57">sponsorLego</part>
	<part frame="58">africanDrum</part>
	<part frame="59">swaziShield</part>
	<part frame="60">swaziWeapon</part>
	<part frame="61">zuluSpear</part>
	<part frame="62">africanSpear</part>
	<part frame="63">shepherdStaff</part>
	<part frame="64">shovel</part>
	<part frame="65">wrench</part>
	<part frame="66">pick</part>
	<part frame="67">sponsorTinkerbell</part>
	<part frame="68">broom1</part>
	<part frame="69">plunger</part>
	<part frame="70">candyCane</part>
	<part frame="71">FLpirate2</part>
	<part frame="72">cracker</part>
	<part frame="73">banana</part>
	<part frame="74">sponsorPW2</part>
	<part frame="75">pLion</part>
	<part frame="76">pBall1</part>
	<part frame="77">pKnight1</part>
	<part frame="78">pGeisha1</part>
	<part frame="79">pRobot</part>
	<part frame="80">pRobot1b</part>
	<part frame="81">pPharaoh</part>
	<part frame="82">pEgyptQ</part>
	<part frame="83">pZorro</part>
	<part frame="84">pSamurai</part>
	<part frame="85">pRockerGuy1</part>
	<part frame="86">pRockerGuy2</part>
	<part frame="87">pRockerGuy3</part>
	<part frame="88">pRockerGirl1</part>
	<part frame="89">pRockerGirl2</part>
	<part frame="90">pRockerGirl3</part>
	<part frame="91">pRiding1</part>
	<part frame="92">pRiding2</part>
	<part frame="93">pRiding3</part>
	<part frame="94">pMouse</part>
	<part frame="95">pDog1</part>
	<part frame="96">pPopGirl1</part>
	<part frame="97">pNinja1</part>
	<part frame="98">pRobinhood1</part>
	<part frame="99">pFairy1</part>
	<part frame="100">sponsorPinoFairy</part>
	<part frame="101">sponsorPinoPino</part>
	<part frame="102">lute</part>
	<part frame="103">septre</part>
	<part frame="104">feather</part>
	<part frame="105">axe</part>
	<part frame="106">manureShovel</part>
	<part frame="107">oldBook</part>
	<part frame="108">pPirateSword</part>
	<part frame="109">pBat</part>
	<part frame="110">pBaseball</part>
	<part frame="111">pRevolver</part>
	<part frame="112">pRobot2</part>
	<part frame="113">pRobot3</part>
	<part frame="114">pRobot4</part>
	<part frame="115">pRobot5</part>
	<part frame="116">pBowStaff</part>
	<part frame="117">pPomPom</part>
	<part frame="118">pPomPom2</part>
	<part frame="119">sponsorWizWand1</part>
	<part frame="120">sponsorWizWand2</part>
	<part frame="121">sponsorWizWand3</part>
	<part frame="122">sponsorWizWand4</part>
	<part frame="123">sponsorBedB1</part>
	<part frame="124">sponsorCWMB2</part>
	<part frame="125">flowerpower</part>
	<part frame="126">pFirefighter1</part>
	<part frame="127">pClown1</part>
	<part frame="128">pNinjaLE</part>
	<part frame="129">pDevil</part>
	<part frame="130">pHarp</part>
	<part frame="131">sponsorLegoBio</part>
	<part frame="132">timeFreezer</part>
	<part frame="133">grimReaper</part>
	<part frame="134">broom2</part>
	<part frame="135">pumpkin</part>
	<part frame="136">sponsorTinkerbell4</part>
	<part frame="137">sponsorFuel</part>
	<part frame="138">sponsorIceAge</part>
	<part frame="139">sillyString</part>
	<part frame="140">sponsorNM2guard</part>
	<part frame="141">sponsorPFxmas</part>
	<part frame="142">pTigerShark</part>
	<part frame="143">sponsorSpyNext</part>
	<part frame="144">papaPetes</part>
	<part frame="145">tabloid</part>
	<part frame="146">sponsorMonkeyBall</part>
	<part frame="147">sponsorFLegypt1</part>
	<part frame="148">sponsorFLegypt2</part>
	<part frame="149">charon</part>
	<part frame="150">hades</part>
	<part frame="151">poseidon</part>
	<part frame="152">zeus</part>
	<part frame="153">athena</part>
	<part frame="154">aphroMirror</part>
	<part frame="155">minotaur</part>
	<part frame="156">triton</part>
	<part frame="157">mythBucket</part>
	<part frame="158">satyr</part>
	<part frame="159">pMagic1</part>
	<part frame="160">pPunkGuy1</part>
	<part frame="161">pPunkGuy2</part>
	<part frame="162">pPunkGuy3</part>
	<part frame="163">pPunkGuy4</part>
	<part frame="164">pPunkGuy5</part>
	<part frame="165">pPunkGirl1</part>
	<part frame="166">pPunkGirl2</part>
	<part frame="167">pPunkGirl3</part>
	<part frame="168">pPunkGirl4</part>
	<part frame="169">pPunkGirl5</part>
	<part frame="170">pDrHare_Scientist</part>
	<part frame="171">pLightningStaff</part>
	<part frame="172">pEarthKnight</part>
	<part frame="173">pGirlKnight</part>
	<part frame="174">pDarkKnight_boy</part>
	<part frame="175">pDarkKnight_girl</part>
	<part frame="176">pFool</part>
	<part frame="177">skullMainGuard1</part>
	<part frame="178">pFrootBowl</part>
	<part frame="179">captCrawfish</part>
	<part frame="180">basket</part>
	<part frame="181">colonialRake</part>
	<part frame="182">pirateSword2</part>
	<part frame="183">quill</part>
	<part frame="184">skullMoroGuy3</part>
	<part frame="185">fishing2</part>
	<part frame="186">hay</part>
	<part frame="187">skullMallet</part>
	<part frame="188">pSkullPirate1</part>
	<part frame="189">brokenMirror</part>
	<part frame="190">pPromKing1a</part>
	<part frame="191">pPromKing1b</part>
	<part frame="192">pPromKing1c</part>
	<part frame="193">pPromKing1d</part>
	<part frame="194">sponsorShrinkRay</part>
	<part frame="195">ShrinkRayGame</part>
	<part frame="196">sponsorPercyZeus</part>
	<part frame="197">pMythSurferZeus</part>
	<part frame="198">pMythSurferHades</part>
	<part frame="199">pMythSurferPose</part>
	<part frame="200">pSoccerball</part>
	<part frame="201">sponsor_Ramona</part>
	<part frame="202">sponsorMagicBrush</part>
	<part frame="203">sponsorCatsAndDogs2Hologram</part>
	<part frame="204">pAtomGlowStick</part>
	<part frame="205">pRocket</part>
	<part frame="206">pHammerShark</part>
	<part frame="207">pNerdBoy</part>
	<part frame="208">pNerdGirl</part>
	<part frame="209">sponsorNannyMcPhee</part>
	<part frame="210">sponsor_MayanWarrior</part>
	<part frame="211">sponsorKarateKid</part>
	<part frame="212">sponsor_KarateKid</part>
	<part frame="213">Birthday_3</part>
	<part frame="214">sponsor_BarbieCat</part>
	<part frame="215">sponsorLegoHero</part>
	<part frame="216">sponsorFLPharoah_b</part>
	<part frame="217">sponsorFLPharoah_g</part>
	<part frame="218">sponsorBarbieGGdog</part>
	<part frame="219">Nessie_tourist1</part>
	<part frame="220">cryptidLantern</part>
	<part frame="221">cryptidLantern2</part>
	<part frame="222">Nessie_tourist3</part>
	<part frame="223">gardener</part>
	<part frame="224">maintenanceMan</part>
	<part frame="225">dart</part>
	<part frame="226">youngSherpa</part>
	<part frame="227">fryingPan</part>
	<part frame="228">gretchenGun</part>
	<part frame="229">fan2</part>
	<part frame="230">pDisco_Dance</part>
	<part frame="231">sponsorRedRanger</part>
	<part frame="232">sponsorYellowRanger</part>
	<part frame="233">promoWWmemOnly</part>
	<part frame="234">sponsorGnome</part>
	<part frame="235">spuderbuss</part>
	<part frame="236">wwFrontGun</part>
	<part frame="237">wwPeaShooter</part>
	<part frame="238">wwSpudGun</part>
	<part frame="239">wwWhistle</part>
	<part frame="240">wwAnnie</part>
	<part frame="241">Snake_lasso</part>
	<part frame="242">sponsorMarsNeedsMoms</part>
	<part frame="243">sponserHOPtrophy</part>
	<part frame="244">sponsorHOPcandy</part>
	<part frame="245">pOutlaw_boys</part>
	<part frame="246">pLawman</part>
	<part frame="247">ninjaStaff</part>
	<part frame="248">ninjaStar</part>
	<part frame="249">ninjaBomb</part>
	<part frame="250">bonsaiShear</part>
	<part frame="251">fishing3</part>
	<part frame="252">shogunBaton</part>
	<part frame="253">sumoFan</part>
	<part frame="254">katana2</part>
	<part frame="255">bambooCane</part>
	<part frame="256">sai</part>
	<part frame="257">naginata</part>
	<part frame="258">samuraiSpear</part>
	<part frame="259">wandOfDianthus</part>
	<part frame="260">sponsorLooneyTunesShow</part>
	<part frame="261">MTHfanDancer</part>
	<part frame="262">sponsorLemonadeMouth</part>
	<part frame="263">MTHfemWar</part>
	<part frame="264">bonsai1</part>
	<part frame="265">bonsai2</part>
	<part frame="266">bonsai3</part>
	<part frame="267">sponsorGnomeoBluRay</part>
	<part frame="268">sponsorStuffedCat</part>
	<part frame="269">sponsorRingLeader</part>
	<part frame="270">MTHhoe</part>
	<part frame="271">MTHbasket</part>
	<part frame="272">TplungerGun</part>
	<part frame="273">TgreenRope</part>
	<part frame="274">TiceSHstaff</part>
	<part frame="275">TiceSHshield</part>
	<part frame="276">TshrkSfr</part>
	<part frame="277">TlzrLance</part>
	<part frame="278">Tcarrot</part>
	<part frame="279">TshrkByPlush</part>
	<part frame="280">TcoolByPlush</part>
	<part frame="281">TdrHarePlush</part>
	<part frame="282">pSwish01</part>
	<part frame="283">pTossFish</part>
	<part frame="284">TguitarV</part>
	<part frame="285">TguitarR</part>
	<part frame="286">TguitarW</part>
	<part frame="287">Sponsor_PoppersPenguins</part>
	<part frame="288">sponsorToiletPaper</part>
	<part frame="289">sponsorMrPoppers</part>
	<part frame="290">pBeachBall</part>
	<part frame="291">pSodaBottle</part>
	<part frame="292">sponsorFijitFriend</part>
	<part frame="293">Tninja01</part>
	<part frame="294">Tsamuri01</part>
	<part frame="295">Tpeppergun</part>
	<part frame="296">Tpepper</part>
	<part frame="297">TbardStaff</part>
	<part frame="298">noteBook</part>
	<part frame="299">notepadPaper</part>
	<part frame="300">briefcase01</part>
	<part frame="301">caneDiamond</part>
	<part frame="302">briefcase02</part>
	<part frame="303">mtTeslaCoilReward</part>
	<part frame="304">mtEdisonBulbReward</part>
	<part frame="305">pSwish02</part>
	<part frame="306">mtPoliceman</part>
	<part frame="307">photdogShooter1</part>
	<part frame="308">pHotdogShooter2</part>
	<part frame="309">pHotDogShooter3</part>
	<part frame="310">pHotdogShooter4</part>
	<part frame="311">mtFeeder</part>
	<part frame="312">TemeraldHammer</part>
	<part frame="313">TfireSword</part>
	<part frame="314">TiceSword</part>
	<part frame="315">pSherlock</part>
	<part frame="316">sponsorHasbroFGN</part>
	<part frame="317">pPopCake</part>
	<part frame="318">sponsorLionKing</part>
	<part frame="319">sponsor_carnivalCane</part>
	<part frame="320">sponsor_JudyBall</part>
	<part frame="321">peanut</part>
	<part frame="322">fries</part>
	<part frame="323">GSumbrella</part>
	<part frame="324">oilTray</part>
	<part frame="325">handFan</part>
	<part frame="326">sponsor_laserPen</part>
	<part frame="327">sponsor_laserLipstick</part>
	<part frame="328">sponsorPussInBoots_Beans</part>
	<part frame="329">robotDance</part>
	<part frame="330">promo_PopGuide_bk</part>
	<part frame="331">GSelectricFan</part>
	<part frame="332">pearsonFlashlight</part>
	<part frame="333">sponsorMakeYourMark</part>
	<part frame="334">sponsorJackAndJill</part>
	<part frame="335">sponsor_wimpybook</part>
	<part frame="336">sponsorArthurChristmas</part>
	<part frame="337">sponsorChipWrecked_Torch</part>
	<part frame="338">sponsorChipWrecked_Basket</part>
	<part frame="339">rose</part>
	<part frame="340">pamphlets</part>
	<part frame="341">cane02</part>
	<part frame="342">newspaperRolled</part>
	<part frame="343">newspaperFlat</part>
	<part frame="344">saltShaker</part>
	<part frame="345">sponsorChipwrecked_AlvinPow</part>
	<part frame="346">Gpromo_net</part>
	<part frame="347">GhostTorch</part>
	<part frame="348">spatulla</part>
	<part frame="349">microphone</part>
	<part frame="350">dollars</part>
	<part frame="351">p_Candy_Cane-on</part>
	<part frame="352">sponsorMonsterHigh1600_umb</part>
	<part frame="353">SRhazmat</part>
	<part frame="354">sponsor_Arrietty_Pod</part>
	<part frame="355">sponsor_Arrietty</part>
	<part frame="356">sponsorRangerBlaster</part>
	<part frame="357">sponsorRedRangerSuperSword</part>
	<part frame="358">sponsor_GoldfishActiveQuest2</part>
	<part frame="359">sponsor_TruffulaSeed</part>
	<part frame="360">sponsor_DiscoTreeSeed</part>
	<part frame="361">p_fishingPole</part>
	<part frame="362">VCcrossbow</part>
	<part frame="363">VCstick</part>
	<part frame="364">sponsorMirrorMirror_stick</part>
	<part frame="365">sponsorMirrorMirror_mirror</part>
	<part frame="366">cannonball</part>
	<part frame="367">VCpoker</part>
	<part frame="368">sponsorDizzyDancersSpinPower</part>
	<part frame="369">vampirePromoGarlicBreath</part>
	<part frame="370">sponsorUltimateSpiderMan_Power</part>
	<part frame="371">sponsorSpiderman</part>
	<part frame="372">sponsorChipWrecked_SmokeStick</part>
	<part frame="373">TT_elfKnife</part>
	<part frame="374">TT_elfSpear</part>
	<part frame="375">TT_dev</part>
	<part frame="376">pipeWrench</part>
	<part frame="377">2axe</part>
	<part frame="378">chainSaw</part>
	<part frame="379">pLumberjerk</part>
	<part frame="380">sponsorThePirates_LizSword</part>
	<part frame="381">sponsorPollyPocketSplashPower</part>
	<part frame="382">sponsor_PollyPocket</part>
</parts>