<parts>
	<part frame="2">shadow1</part>
	<part frame="3">shadow2</part>
	<part frame="4">shadowScar</part>
	<part frame="5">beardShort1</part>
	<part frame="6">beardShort2</part>
	<part frame="7">beardShort3</part>
	<part frame="8">beardShort4</part>
	<part frame="9">beardMed1</part>
	<part frame="10">beardMed2</part>
	<part frame="11">beardMed3</part>
	<part frame="12">beardMed4</part>
	<part frame="13">beardLong</part>
	<part frame="14">beardGreek</part>
	<part frame="15">beardBand</part>
	<part frame="16">beardHair</part>
	<part frame="17">sideBurns</part>
	<part frame="18">hairBurns</part>
	<part frame="19">mustache1</part>
	<part frame="20">mustache2</part>
	<part frame="21">mustache3</part>
	<part frame="22">goat1</part>
	<part frame="23">goat2</part>
	<part frame="24">goat3</part>
	<part frame="25">goatScar</part>
	<part frame="26">handlebar</part>
	<part frame="27">goat4</part>
	<part frame="28">goat5</part>
	<part frame="29">goat6</part>
	<part frame="30">goat7</part>
	<part frame="31">goat8</part>
	<part frame="32">laurels</part>
	<part frame="33">goth</part>
	<part frame="34">bangs1</part>
	<part frame="35">bangs2</part>
	<part frame="36">bangs3</part>
	<part frame="37">bangs4</part>
	<part frame="38">bangs5</part>
	<part frame="39">sponsorTinkerbell</part>
	<part frame="40">hillary</part>
	<part frame="41">sherpa</part>
	<part frame="42">beautymark</part>
	<part frame="43">acne</part>
	<part frame="44">wrinkles</part>
	<part frame="45">bags</part>
	<part frame="46">scar</part>
	<part frame="47">fm1</part>
	<part frame="48">fm2</part>
	<part frame="49">fm3</part>
	<part frame="50">fm4</part>
	<part frame="51">fm5</part>
	<part frame="52">fm6</part>
	<part frame="53">fm7</part>
	<part frame="54">fm8</part>
	<part frame="55">fm9</part>
	<part frame="56">fm10</part>
	<part frame="57">africanPaint1</part>
	<part frame="58">africanPaint2</part>
	<part frame="59">scuffMarks</part>
	<part frame="60">beardHippie</part>
	<part frame="61">freckles</part>
	<part frame="62">snootyGirl</part>
	<part frame="63">grandma</part>
	<part frame="64">grandpa</part>
	<part frame="65">gothGirl</part>
	<part frame="66">magician</part>
	<part frame="67">FLpirate1</part>
	<part frame="68">FLpirate3</part>
	<part frame="69">sponsorSBdog</part>
	<part frame="70">monkey</part>
	<part frame="71">sheep</part>
	<part frame="72">pGeisha1</part>
	<part frame="73">pBall1</part>
	<part frame="74">pPharaoh</part>
	<part frame="75">pEgyptQ</part>
	<part frame="76">pRockerGirl1</part>
	<part frame="77">pRockerGirl2</part>
	<part frame="78">pRockerGirl3</part>
	<part frame="79">pRiding1</part>
	<part frame="80">pMouse</part>
	<part frame="81">pDog1</part>
	<part frame="82">pDog2</part>
	<part frame="83">pDog3</part>
	<part frame="84">pPopGirl1</part>
	<part frame="85">pFairy1</part>
	<part frame="86">cyberJester</part>
	<part frame="87">astroRoyal1</part>
	<part frame="88">astroVill1</part>
	<part frame="89">astroFarmer</part>
	<part frame="90">astroPrincess</part>
	<part frame="91">astroAlien</part>
	<part frame="92">pSingerGuy1</part>
	<part frame="93">pPirateGuy1</part>
	<part frame="94">pPirateGirl1</part>
	<part frame="95">pFries</part>
	<part frame="96">pDrink</part>
	<part frame="97">pBurger</part>
	<part frame="98">pCone</part>
	<part frame="99">pBaseball</part>
	<part frame="100">medusa</part>
	<part frame="101">pKarateGirl</part>
	<part frame="102">pCheerleaderGoth</part>
	<part frame="103">sponsorCWMB1</part>
	<part frame="104">sponsorCWMB2</part>
	<part frame="105">pClown1</part>
	<part frame="106">pSheDevil</part>
	<part frame="107">pDevil1</part>
	<part frame="108">pAngelF</part>
	<part frame="109">pPopGirlLE</part>
	<part frame="110">pBiker1</part>
	<part frame="111">frankenstein</part>
	<part frame="112">vampire</part>
	<part frame="113">vampire2</part>
	<part frame="114">sponsorAstro1</part>
	<part frame="115">sponsorAstro2</part>
	<part frame="116">hyde</part>
	<part frame="117">sponsorIceAge</part>
	<part frame="118">pWolf1</part>
	<part frame="119">pLagoon</part>
	<part frame="120">pMunster</part>
	<part frame="121">sponsorMinc2</part>
	<part frame="122">fisherman2</part>
	<part frame="123">blackWidow1</part>
	<part frame="124">blackWidow2</part>
	<part frame="125">shadyCop</part>
	<part frame="126">tourGuide</part>
	<part frame="127">mime</part>
	<part frame="128">sponsorCWMBnoodle</part>
	<part frame="129">sponsorCWMBcone</part>
	<part frame="130">candyCane</part>
	<part frame="131">buckyLucas</part>
	<part frame="132">realityTeen</part>
	<part frame="133">sponsorDitch</part>
	<part frame="134">sponsorWilson</part>
	<part frame="135">sponsorMonkeyBall</part>
	<part frame="136">sponsorFLegypt1</part>
	<part frame="137">sponsorFLegypt2</part>
	<part frame="138">charon</part>
	<part frame="139">aeolus</part>
	<part frame="140">hades</part>
	<part frame="141">poseidon</part>
	<part frame="142">zeus</part>
	<part frame="143">hercules</part>
	<part frame="144">athena</part>
	<part frame="145">aphrodite</part>
	<part frame="146">dionysus</part>
	<part frame="147">minotaur</part>
	<part frame="148">mythPes1</part>
	<part frame="149">mythPes6</part>
	<part frame="150">mythTeen1</part>
	<part frame="151">mythTeen2</part>
	<part frame="152">satyr</part>
	<part frame="153">pBigHeart1</part>
	<part frame="154">pBigHeart2</part>
	<part frame="155">pBigHeart3</part>
	<part frame="156">sponsorTSBRbuzz</part>
	<part frame="157">sponsorTSBRalien</part>
	<part frame="158">pMagic1</part>
	<part frame="159">pPunkGuy1</part>
	<part frame="160">pPunkGirl1</part>
	<part frame="161">pPunkGirl2</part>
	<part frame="162">pPunkGirl3</part>
	<part frame="163">pPunkGirl4</part>
	<part frame="164">pPunkGirl5</part>
	<part frame="165">medusa1</part>
	<part frame="166">pFool</part>
	<part frame="167">sponsorKoiFish</part>
	<part frame="168">sponsorKoiFish_girl</part>
	<part frame="169">captCrawfish</part>
	<part frame="170">skullMainFarmer2</part>
	<part frame="171">skullMainFarmer1</part>
	<part frame="172">skullMainOldMan</part>
	<part frame="173">skullPirate1</part>
	<part frame="174">skullPirate6</part>
	<part frame="175">skullPirate8</part>
	<part frame="176">skullElegantLady</part>
	<part frame="177">skullChinaGuy1</part>
	<part frame="178">skullChinaGuy2</part>
	<part frame="179">pSkullPirate1</part>
	<part frame="180">sponsor_MH</part>
	<part frame="181">pDaisy</part>
	<part frame="182">pPromQueen1</part>
	<part frame="183">sponsorAgnes</part>
	<part frame="184">sponsorPercyZeus</part>
	<part frame="185">pHotdog</part>
	<part frame="186">pTofudog</part>
	<part frame="187">sponsor_SelenaG</part>
	<part frame="188">sponsorDOWKwrest</part>
	<part frame="189">pVampire_boy</part>
	<part frame="190">pVampire_girl</part>
	<part frame="191">sponsorTinkerbell3</part>
	<part frame="192">sponsorNannyMcPhee</part>
	<part frame="193">sponsorAlphaOmegaM</part>
	<part frame="194">sponsor_FLWitchDoctor</part>
	<part frame="195">sponsor_MrHan</part>
	<part frame="196">sponsor_BarbieVampire</part>
	<part frame="197">sponsor_BarbieBee</part>
	<part frame="198">sponsorCDdog</part>
	<part frame="199">sponsorBarbieGGdog2</part>
	<part frame="200">sponsorBarbieGGdog3</part>
	<part frame="201">sponsorBarbieGGdog4</part>
	<part frame="202">sponsorBarbieGGgirl</part>
	<part frame="203">promo_Nessie</part>
	<part frame="204">scottishMan</part>
	<part frame="205">rowBoatMan</part>
	<part frame="206">SubGuide</part>
	<part frame="207">sponsorBarbieGGgirl2</part>
	<part frame="208">pBigFoot</part>
	<part frame="209">snootyDog</part>
	<part frame="210">haroldMews</part>
	<part frame="211">gretchen</part>
	<part frame="212">gardener</part>
	<part frame="213">MaintenanceMan</part>
	<part frame="214">snootyLady</part>
	<part frame="215">HunterGiveUp</part>
	<part frame="216">barPatron1</part>
	<part frame="217">PuertoRicoFarmer2</part>
	<part frame="218">oldSherpa</part>
	<part frame="219">youngSherpa</part>
	<part frame="220">sideburns2</part>
	<part frame="221">tyson</part>
	<part frame="222">townie3</part>
	<part frame="223">townie4</part>
	<part frame="224">townie8</part>
	<part frame="225">townie9</part>
	<part frame="226">pHoildayBall_red</part>
	<part frame="227">pHollidayBall_green</part>
	<part frame="228">pHollidayBall_blue</part>
	<part frame="229">wwSaloonGirl</part>
	<part frame="230">wwCasinoPatron2</part>
	<part frame="231">wwPrettyWoman</part>
	<part frame="232">wwGeneicLady</part>
	<part frame="233">pDisco_Queen</part>
	<part frame="234">sponsorFrootLoopsBowl</part>
	<part frame="235">sponsorGnomeo</part>
	<part frame="236">wwRJEarl</part>
	<part frame="237">wwMarshal</part>
	<part frame="238">wwRuby</part>
	<part frame="239">wwGSEvil</part>
	<part frame="240">wwPhoto</part>
	<part frame="241">wwBanker</part>
	<part frame="242">wwDeputy</part>
	<part frame="243">wwSlouch01</part>
	<part frame="244">wwRough</part>
	<part frame="245">sponsorHOPears</part>
	<part frame="246">sponsorHOPsuit</part>
	<part frame="247">pOutlaw_boys</part>
	<part frame="248">pOutlaw_girls</part>
	<part frame="249">pLawman</part>
	<part frame="250">pPeacekeeper</part>
	<part frame="251">MTHscaredSumo</part>
	<part frame="252">MTHbonsaiWoman</part>
	<part frame="253">MTHshogunCasual</part>
	<part frame="254">MTHbasho</part>
	<part frame="255">pMTHsumo1</part>
	<part frame="256">pMTHsumo2</part>
	<part frame="257">pMTHsumo3</part>
	<part frame="258">pMTHsumo4</part>
	<part frame="259">MTHprisoner</part>
	<part frame="260">MTHfanDancer</part>
	<part frame="261">MTHFemWar</part>
	<part frame="262">sponsorPopCorn</part>
	<part frame="263">TcarlJrStar</part>
	<part frame="264">TcamoGuy</part>
	<part frame="265">TshrkSfr</part>
	<part frame="266">SRmom</part>
	<part frame="267">SRstudent04</part>
	<part frame="268">pBeachBall</part>
	<part frame="269">pBeachBall2</part>
	<part frame="270">pBeachBall3</part>
	<part frame="271">mtCleveland</part>
	<part frame="272">mtCoalMan</part>
	<part frame="273">mtPromo_SlowChef</part>
	<part frame="274">mtChefFast</part>
	<part frame="275">mtDancer</part>
	<part frame="276">sponsor_JE</part>
	<part frame="277">GSgiftShop</part>
	<part frame="278">Zombie</part>
	<part frame="279">sponsorArthurChristmas</part>
	<part frame="280">sponsorChipWrecked_Alvin</part>
	<part frame="281">sponsorChipWrecked_Brit</part>
	<part frame="282">sponsorBen10_AgentSixHair</part>
	<part frame="283">SRishmael</part>
	<part frame="284">SRboomer</part>
	<part frame="285">SRflask</part>
	<part frame="286">SRstubb</part>
	<part frame="287">sponsorMonsterHigh1600_bangs</part>
	<part frame="288">VCdracula</part>
	<part frame="289">VCdraculaOld</part>
	<part frame="290">VCkatyasMom</part>
	<part frame="291">VCkatya</part>
	<part frame="292">VCchris</part>
	<part frame="293">p_seaCaptain</part>
	<part frame="294">sponsorDizzyDancersMandiPandee</part>
	<part frame="295">sponsorDizzyDancersLulaBlu</part>
	<part frame="296">VChunter</part>
	<part frame="297">sponsor_DD_Penolopaw</part>
	<part frame="298">sponsor_DD_Dragaloo</part>
	<part frame="299">p_CountVampire</part>
	<part frame="300">sponsorChipWreckedDVD_Alvin</part>
	<part frame="301">TT_elf1</part>
	<part frame="302">TT_elf2</part>
	<part frame="303">TT_elfQueen</part>
	<part frame="304">pTroll</part>
	<part frame="305">sponsor_lilly</part>
	<part frame="306">p_waffle_girl</part>
	<part frame="307">p_waffle_boy</part>
</parts>