<parts>
	<part frame="20">laugh</part>
	<part frame="27">ooh</part>
	<part frame="34">talk</part>
	<part frame="35">cry</part>
	<part frame="61">angry</part>
	<part frame="62">van</part>
	<part frame="63">leo</part>
	<part frame="64">rat</part>
	<part frame="65">vendor</part>
	<part frame="66">scuba</part>
	<part frame="67">shark</part>
	<part frame="68">oldExplorer</part>
	<part frame="69">fisherman</part>
	<part frame="70">distressedMom</part>
	<part frame="71">thinking</part>
	<part frame="72">greekWarrior</part>
	<part frame="73">greekWiseGuy</part>
	<part frame="74">prisoner1</part>
	<part frame="75">prisoner2</part>
	<part frame="76">prisoner5</part>
	<part frame="77">prisoner3</part>
	<part frame="78">prisoner4</part>
	<part frame="79">nerd</part>
	<part frame="80">batman</part>
	<part frame="81">drHare</part>
	<part frame="82">rabbitCon</part>
	<part frame="83">cat</part>
	<part frame="84">skiMask</part>
	<part frame="85">dog</part>
	<part frame="86">dogBite</part>
	<part frame="87">fm1</part>
	<part frame="88">fm2</part>
	<part frame="89">fm3</part>
	<part frame="90">fm4</part>
	<part frame="91">fm5</part>
	<part frame="92">fm6</part>
	<part frame="93">fm7</part>
	<part frame="94">fm8</part>
	<part frame="95">teethGrin1</part>
	<part frame="96">teethGrin2</part>
	<part frame="97">fastFood</part>
	<part frame="98">magician</part>
	<part frame="99">montgomery</part>
	<part frame="100">yogosBucks</part>
	<part frame="101">FLpirate3</part>
	<part frame="102">monkey</part>
	<part frame="103">sheep</part>
	<part frame="104">sponsorSBdog</part>
	<part frame="105">pGeisha1</part>
	<part frame="106">pBall1</part>
	<part frame="107">pRiding1</part>
	<part frame="108">pPirateGirl1</part>
	<part frame="109">pCowgirl1</part>
	<part frame="110">pEgyptQ</part>
	<part frame="111">pRockerGirl1</part>
	<part frame="112">pRockerGirl2</part>
	<part frame="113">pRockerGirl3</part>
	<part frame="114">pRobot</part>
	<part frame="115">pPharaoh</part>
	<part frame="116">pMouse</part>
	<part frame="117">pDog1</part>
	<part frame="118">pPopGirl1</part>
	<part frame="119">pKarateGirl</part>
	<part frame="120">pFairy1</part>
	<part frame="121">pFairy2</part>
	<part frame="122">pFairy3</part>
	<part frame="123">sponsorPinoFairy</part>
	<part frame="124">pCheerleader</part>
	<part frame="125">astroQueen</part>
	<part frame="126">astroPrincess</part>
	<part frame="127">pCheerleaderGoth</part>
	<part frame="128">sponsorPinoPino</part>
	<part frame="129">astroRoyal1</part>
	<part frame="130">astroServant1</part>
	<part frame="131">astroGuard1</part>
	<part frame="132">astroKing</part>
	<part frame="133">astroAlien2</part>
	<part frame="134">astroAlien4</part>
	<part frame="135">pPirateGuy1</part>
	<part frame="136">sponsorCWMB1</part>
	<part frame="137">sponsorCWMB2</part>
	<part frame="138">gum</part>
	<part frame="189">sing</part>
	<part frame="218">pClown1</part>
	<part frame="219">pSheDevil</part>
	<part frame="220">pDevil1</part>
	<part frame="221">pAngelF</part>
	<part frame="222">pPopGirlLE</part>
	<part frame="223">frankBride</part>
	<part frame="224">hyde</part>
	<part frame="225">witch</part>
	<part frame="226">vampire</part>
	<part frame="227">sponsorTinkerbell4</part>
	<part frame="228">sponsorEC1</part>
	<part frame="229">sponsorEC2</part>
	<part frame="230">pLagoon</part>
	<part frame="231">pMunster</part>
	<part frame="232">fisherman2</part>
	<part frame="233">blackWidow</part>
	<part frame="234">shadyCop</part>
	<part frame="235">curator</part>
	<part frame="236">mime</part>
	<part frame="237">pBallerina1</part>
	<part frame="238">pBallerina2</part>
	<part frame="239">pBallerina3</part>
	<part frame="240">sponsorWilsonDitch</part>
	<part frame="241">hades</part>
	<part frame="242">hercules</part>
	<part frame="243">athena</part>
	<part frame="244">aphrodite</part>
	<part frame="245">dionysus</part>
	<part frame="246">mythPes1</part>
	<part frame="247">mythTeen1</part>
	<part frame="248">mythTeen2</part>
	<part frame="249">mythBeach1</part>
	<part frame="250">mythBeach2</part>
	<part frame="251">sponsorTSBRbuzz</part>
	<part frame="252">sponsorTSBRjess</part>
	<part frame="253">sponsorTSBRalien</part>
	<part frame="254">pMagic1</part>
	<part frame="255">pPunkGuy1</part>
	<part frame="256">pPunkGuy2</part>
	<part frame="257">pPunkGuy3</part>
	<part frame="258">pPunkGuy4</part>
	<part frame="259">pPunkGuy5</part>
	<part frame="260">pPunkGirl1</part>
	<part frame="261">pPunkGirl2</part>
	<part frame="262">pPunkGirl3</part>
	<part frame="263">pPunkGirl4</part>
	<part frame="264">pPunkGirl5</part>
	<part frame="265">medusa</part>
	<part frame="266">pFool</part>
	<part frame="267">sponsorKoiFish</part>
	<part frame="268">sponsorKoiFish_girl</part>
	<part frame="269">fisherman3</part>
	<part frame="270">captCrawfish</part>
	<part frame="271">skullPirate2</part>
	<part frame="272">skullPirate3</part>
	<part frame="273">skullPirate4</part>
	<part frame="274">skullPirate5</part>
	<part frame="275">skullPirate9</part>
	<part frame="276">skullNavigator</part>
	<part frame="277">skullChinaMerch</part>
	<part frame="278">pSkullPirateGirl1</part>
	<part frame="279">pSkullPirate1</part>
	<part frame="280">pGum1</part>
	<part frame="281">pGum2</part>
	<part frame="282">pGum3</part>
	<part frame="283">pGum4</part>
	<part frame="284">pGum5</part>
	<part frame="285">pGum6</part>
	<part frame="286">pGum7</part>
	<part frame="287">pGum8</part>
	<part frame="288">pGum9</part>
	<part frame="289">pGum10</part>
	<part frame="290">sponsor_MH</part>
	<part frame="291">pPromKing1</part>
	<part frame="292">pPromQueen1</part>
	<part frame="293">sponsorAgnes</part>
	<part frame="294">sponsorEdith</part>
	<part frame="295">sponsorMargo</part>
	<part frame="296">sponsor_SelenaG</part>
	<part frame="297">sponsor_Ramona</part>
	<part frame="298">steamZach</part>
	<part frame="299">steamSully</part>
	<part frame="300">pGamerGirl</part>
	<part frame="301">pNerd</part>
	<part frame="302">pVampire_boy</part>
	<part frame="303">pVampire_girl</part>
	<part frame="304">pVampire_girl2</part>
	<part frame="305">pVampire_girl3</part>
	<part frame="306">sponsorCityBoy</part>
	<part frame="307">sponsorCityGirl</part>
	<part frame="308">sponsorNannyMcPhee</part>
	<part frame="309">sponsorAlphaOmega</part>
	<part frame="310">sponsor_FLWitchDoctor</part>
	<part frame="311">sponsor_KK_Bully01</part>
	<part frame="312">sponsor_KK_Bully02</part>
	<part frame="313">sponsor_KK_Bully03</part>
	<part frame="314">sponsor_MrHan</part>
	<part frame="315">sponsor_BarbiePirate</part>
	<part frame="316">sponsor_BarbieVampire</part>
	<part frame="317">sponsor_BarbieWizard</part>
	<part frame="318">sponsor_BarbieBee</part>
	<part frame="319">sponsor_BarbieB</part>
	<part frame="320">sponsor_BarbieCat</part>
	<part frame="321">sponsorBarbieGGdog1</part>
	<part frame="322">sponsorBarbieGGdog2</part>
	<part frame="323">sponsorBarbieGGdog3</part>
	<part frame="324">subGuide</part>
	<part frame="325">Nessie_tourist</part>
	<part frame="326">BigFoot</part>
	<part frame="327">lipsTeethSmile1</part>
	<part frame="328">haroldMews</part>
	<part frame="329">gretchen</part>
	<part frame="330">gardener</part>
	<part frame="331">BallonPilate2</part>
	<part frame="332">maintenanceMan</part>
	<part frame="333">SnootyLady</part>
	<part frame="334">butler</part>
	<part frame="335">HunterGiveUp</part>
	<part frame="336">barPatron1</part>
	<part frame="337">surlyDartMan</part>
	<part frame="338">bartenderPub</part>
	<part frame="339">farmerBoy</part>
	<part frame="340">PuertoRicoFarmer</part>
	<part frame="341">oldSherpa</part>
	<part frame="342">youngSherpa</part>
	<part frame="343">Tyson</part>
	<part frame="344">townie3</part>
	<part frame="345">fortuneHunter</part>
	<part frame="346">fortuneHunter2</part>
	<part frame="347">wwSaloonGirl</part>
	<part frame="348">wwPrettyWoman</part>
	<part frame="349">pDisco_King</part>
	<part frame="350">pDisco_Queen</part>
	<part frame="351">wwTrader</part>
	<part frame="352">wwGSOldtimer</part>
	<part frame="353">wwRuby</part>
	<part frame="354">wwGSEvil</part>
	<part frame="355">wwGambler</part>
	<part frame="356">wwAnnie</part>
	<part frame="357">wwBanditGirl</part>
	<part frame="358">wwProspector</part>
	<part frame="359">snore</part>
	<part frame="360">eatSalad</part>
	<part frame="361">pOutlaw_boys</part>
	<part frame="362">pOutlaw_girls</part>
	<part frame="363">pLawman</part>
	<part frame="364">pPeacekeeper</part>
	<part frame="365">sponsorChuck</part>
	<part frame="366">MTHyokozuna</part>
	<part frame="367">MTHscaredSumo</part>
	<part frame="368">MTHbonsaiWoman</part>
	<part frame="369">MTHjack</part>
	<part frame="370">MTHshogunCasual</part>
	<part frame="371">MTHbasho</part>
	<part frame="372">MTHprisoner</part>
	<part frame="373">MTHbookie</part>
	<part frame="374">MTHforeman</part>
	<part frame="375">MTHgardener01</part>
	<part frame="376">MTHfanDancer</part>
	<part frame="377">p_SeaCaptain_girl</part>
	<part frame="378">sponsorLM_Stella</part>
	<part frame="379">MTHfemWar</part>
	<part frame="380">MTHkappaFisher</part>
	<part frame="381">MTHfishmonger</part>
	<part frame="382">TpirateBlue</part>
	<part frame="383">SRcj</part>
	<part frame="384">mtTwain</part>
	<part frame="385">MTrich02</part>
	<part frame="386">MTrich03</part>
	<part frame="387">mtSlowCookMouth</part>
	<part frame="388">TdreadRocker</part>
	<part frame="389">sponsorHeatherG</part>
	<part frame="390">sponsor_JE</part>
	<part frame="391">sponsor_m17</part>
	<part frame="392">Zombie</part>
	<part frame="393">sponsorChipWrecked_Alvin</part>
	<part frame="394">sponsorChipWrecked_Brit</part>
	<part frame="395">Gboater</part>
	<part frame="396">Gcrone</part>
	<part frame="397">Ginnk</part>
	<part frame="398">Ginnkw</part>
	<part frame="399">Glodger</part>
	<part frame="400">GpromoDaphne</part>
	<part frame="401">sponsor_Arriety_Pod</part>
	<part frame="402">VCdracula</part>
	<part frame="403">VCvillager1</part>
	<part frame="404">p_seaCaptain</part>
	<part frame="405">kissgirl</part>
	<part frame="406">kissboy</part>
	<part frame="407">sponsor_DD_Penolopaw</part>
	<part frame="408">sponsor_DD_Dragaloo</part>
	<part frame="409">p_CountessVampire</part>
	<part frame="410">p_CountVampire</part>
	<part frame="411">TT_elf3</part>
	<part frame="412">TT_elfQueen</part>
	<part frame="413">pTroll</part>
	<part frame="414">pLeprechaun</part>
	<part frame="415">pLeprechaun_girl</part>
	<part frame="416">p_WaffleGirl</part>
	<part frame="417">sponsor_PollyPocket</part>
	<part frame="418">stor_zaggymoon</part>
	<part frame="419">wkwonka</part>
	<part frame="420">wkcharlie</part>
	<part frame="421">wkgrmpa</part>
	<part frame="422">wkgloop01</part>
	<part frame="423">wkmsgloop</part>
	<part frame="424">wkmrveruca01</part>
	<part frame="425">wkmrveruca02</part>
	<part frame="426">wkolmale</part>
	<part frame="427">wktwn01</part>
	<part frame="428">wktwn02</part>
	<part frame="429">wktwn03</part>
	<part frame="430">ad_drac</part>
	<part frame="431">ad_mavis</part>
	<part frame="432">ad_eunice</part>
	<part frame="433">ad_dork</part>
	<part frame="434">z_zombie</part>
	<part frame="435">Gfiona</part>
	<part frame="436">pHelioGum</part>
	<part frame="437">pGobstopper</part>
	<part frame="438">z_vidgme</part>
	<part frame="439">nw_costume2</part>
	<part frame="440">bl_tooth</part>
	<part frame="441">ad_marshall</part>
	<part frame="442">hashimoto</part>
	<part frame="452">relieved</part>
	<part frame="466">sneeze</part>
	<part frame="494">ad_manicorn</part>
	<part frame="495">mkstudent04</part>
	<part frame="496">ce_mole1</part>
	<part frame="497">ce_mole2</part>
</parts>