<parts>
	<part frame="2">grass</part>
	<part frame="3">sponsorSpace</part>
	<part frame="4">viking2</part>
	<part frame="5">stains</part>
	<part frame="6">aztecWarrior</part>
	<part frame="7">aztecKing</part>
	<part frame="8">aztecWoman</part>
	<part frame="9">aztecQueen</part>
	<part frame="10">chineseWarrior</part>
	<part frame="11">chineseArtist</part>
	<part frame="12">chinesePeasant</part>
	<part frame="13">lewis</part>
	<part frame="14">clark</part>
	<part frame="15">york</part>
	<part frame="16">sacagawea</part>
	<part frame="17">scuba</part>
	<part frame="18">dinerWaitress</part>
	<part frame="19">drHare</part>
	<part frame="20">radioactive</part>
	<part frame="21">policeman</part>
	<part frame="22">uBelt1</part>
	<part frame="23">uBelt2</part>
	<part frame="24">uBelt3</part>
	<part frame="25">uBelt4</part>
	<part frame="26">uBelt5</part>
	<part frame="27">Nim1</part>
	<part frame="28">Nim2</part>
	<part frame="29">badAgent1</part>
	<part frame="30">badAgent2</part>
	<part frame="31">agentBelt</part>
	<part frame="32">camoBelt</part>
	<part frame="33">underwear</part>
	<part frame="34">chameleon</part>
	<part frame="35">sponsorLego</part>
	<part frame="36">egyptArch</part>
	<part frame="37">miner1</part>
	<part frame="38">miner2</part>
	<part frame="39">sponsorCTC</part>
	<part frame="40">sponsorWalmartElf</part>
	<part frame="41">sponsorWallE</part>
	<part frame="42">warriorBelt</part>
	<part frame="43">hiker</part>
	<part frame="44">cowGirl</part>
	<part frame="45">geisha</part>
	<part frame="46">montgomery</part>
	<part frame="47">FLpirate1</part>
	<part frame="48">FLpirate3</part>
	<part frame="49">pKnight1</part>
	<part frame="50">pGeisha1</part>
	<part frame="51">pGeisha2</part>
	<part frame="52">pGeisha3</part>
	<part frame="53">pPharaoh</part>
	<part frame="54">pEgyptQ</part>
	<part frame="55">pZorro</part>
	<part frame="56">pSamurai</part>
	<part frame="57">pRockerGuy1</part>
	<part frame="58">pRockerGirl1</part>
	<part frame="59">pPopGirl1</part>
	<part frame="60">pPopGirl2</part>
	<part frame="61">pPopGirl3</part>
	<part frame="62">pNinja1</part>
	<part frame="63">pRobinhood1</part>
	<part frame="64">sponsorPinoFairy</part>
	<part frame="65">sponsorPinoPino</part>
	<part frame="66">astroMonk</part>
	<part frame="67">astroCult</part>
	<part frame="68">astroChance</part>
	<part frame="69">blueKnight</part>
	<part frame="70">astroPrincess</part>
	<part frame="71">astroEvilPrincess</part>
	<part frame="72">astroServant1</part>
	<part frame="73">astroRoyal1</part>
	<part frame="74">astroVill1</part>
	<part frame="75">astroManure</part>
	<part frame="76">astroVill2</part>
	<part frame="77">astroGuard2</part>
	<part frame="78">astroFarmer</part>
	<part frame="79">astroVill3</part>
	<part frame="80">astroVill4</part>
	<part frame="81">astroPes1</part>
	<part frame="82">astroPes2</part>
	<part frame="83">astroCurrator</part>
	<part frame="84">astroGossip1</part>
	<part frame="85">astroGossip2</part>
	<part frame="86">astroGossip3</part>
	<part frame="87">astroGossip5</part>
	<part frame="88">astroAlien</part>
	<part frame="89">astroZone</part>
	<part frame="90">pSingerGuy1</part>
	<part frame="91">pPirateGuy1</part>
	<part frame="92">pPirateGirl1</part>
	<part frame="93">pRevolver</part>
	<part frame="94">pRobot2</part>
	<part frame="95">pRobot3</part>
	<part frame="96">pRobot4</part>
	<part frame="97">pRobot5</part>
	<part frame="98">pKarateBoy1</part>
	<part frame="99">pKarateBoy2</part>
	<part frame="100">pKarateBoy3</part>
	<part frame="101">pKarateGirl1</part>
	<part frame="102">pKarateGirl2</part>
	<part frame="103">pKarateGirl3</part>
	<part frame="104">sponsorWM2</part>
	<part frame="105">sponsorBedB1</part>
	<part frame="106">sponsorCWMB1</part>
	<part frame="107">sponsorCWMB2</part>
	<part frame="108">pFirefigther1</part>
	<part frame="109">pNinjaFE</part>
	<part frame="110">pAngel</part>
	<part frame="111">pPopGirlLE</part>
	<part frame="112">pBiker1</part>
	<part frame="113">pDareD1</part>
	<part frame="114">grimReaper</part>
	<part frame="115">sponsorAstro2</part>
	<part frame="116">sponsorGbCrow</part>
	<part frame="117">witch</part>
	<part frame="118">witch2</part>
	<part frame="119">sponsorTinkerbell</part>
	<part frame="120">sponsorEC1</part>
	<part frame="121">sponsorSBsanta4</part>
	<part frame="122">sponsorNM2guard</part>
	<part frame="123">blackWidow2</part>
	<part frame="124">shadyCop</part>
	<part frame="125">conWorker1</part>
	<part frame="126">securityGuard1</part>
	<part frame="127">hades</part>
	<part frame="128">poseidon</part>
	<part frame="129">zeus</part>
	<part frame="130">hercules</part>
	<part frame="131">athena</part>
	<part frame="132">aphrodite</part>
	<part frame="133">dionysus</part>
	<part frame="134">minotaur</part>
	<part frame="135">athenaOld</part>
	<part frame="136">realityWoman</part>
	<part frame="137">triton</part>
	<part frame="138">charon</part>
	<part frame="139">aeolus</part>
	<part frame="140">mythPes1</part>
	<part frame="141">mythPes2</part>
	<part frame="142">mythPes3</part>
	<part frame="143">mythPes4</part>
	<part frame="144">mythPes5</part>
	<part frame="145">mythPes6</part>
	<part frame="146">mythPes7</part>
	<part frame="147">mythTeen1</part>
	<part frame="148">mythTeen2</part>
	<part frame="149">mythBeach1</part>
	<part frame="150">mythBeach2</part>
	<part frame="151">medusa</part>
	<part frame="152">sponsorTSBRbuzz</part>
	<part frame="153">sponsorTSBRjess</part>
	<part frame="154">sponsorTSBRwoody</part>
	<part frame="155">sponsorTSBRalien</part>
	<part frame="156">pPunkGuy1</part>
	<part frame="157">pPunkGirl1</part>
	<part frame="158">pPunkGirl2</part>
	<part frame="159">pPunkGirl3</part>
	<part frame="160">pPunkGirl4</part>
	<part frame="161">pPunkGirl5</part>
	<part frame="162">skullPirate1</part>
	<part frame="163">skullPirate2</part>
	<part frame="164">skullPirate3</part>
	<part frame="165">skullPirate5</part>
	<part frame="166">skullPirate7</part>
	<part frame="167">skullSam</part>
	<part frame="168">skullNavigator</part>
	<part frame="169">skullCannon</part>
	<part frame="170">skullMoroLady1</part>
	<part frame="171">skullMoroLady2</part>
	<part frame="172">skullMoroLady3</part>
	<part frame="173">skullMoroBank1</part>
	<part frame="174">skullMoroGuy1</part>
	<part frame="175">skullMoroGuy2</part>
	<part frame="176">skullMoroGuy3</part>
	<part frame="177">skullChinaGuy1</part>
	<part frame="178">skullChinaShipwright</part>
	<part frame="179">skullChinaShipSell</part>
	<part frame="180">skullChinaMerch</part>
	<part frame="181">pSkullPirate1</part>
	<part frame="182">sponsorMH_overpants1</part>
	<part frame="183">sponsorMH_overpants2</part>
	<part frame="184">sponsorMH_overpants3</part>
	<part frame="185">sponsorMH_overpants4</part>
	<part frame="186">sponsorMH_overpants5</part>
	<part frame="187">sponsorMH_overpants6</part>
	<part frame="188">sponsorMinion</part>
	<part frame="189">sponsorAgnes</part>
	<part frame="190">sponsorPercyZeus</part>
	<part frame="191">pMythSurferZeus</part>
	<part frame="192">pMythSurferHades</part>
	<part frame="193">pMythSurferPose</part>
	<part frame="194">steamCaptain</part>
	<part frame="195">steamZach</part>
	<part frame="196">steamWorker1</part>
	<part frame="197">steamPilot</part>
	<part frame="198">pNerd</part>
	<part frame="199">pVampire_boy</part>
	<part frame="200">pVampire_girl01</part>
	<part frame="201">pVampire_girl03</part>
	<part frame="202">sponsorTinkBobble</part>
	<part frame="203">sponsorFarmGirl</part>
	<part frame="204">sponsorFarmKid</part>
	<part frame="205">sponsorCityGirl</part>
	<part frame="206">sponsor_POK-Mason</part>
	<part frame="207">sponsor_POK-Tarantula</part>
	<part frame="208">sponsor_BarbiePirate</part>
	<part frame="209">rowBoatMan</part>
	<part frame="210">pBigFoot</part>
	<part frame="211">HowardMews</part>
	<part frame="212">gardener</part>
	<part frame="213">balloonPilate02</part>
	<part frame="214">barPatron1</part>
	<part frame="215">surlyDartMan</part>
	<part frame="216">farmerBoy</part>
	<part frame="217">PuertoRicanFarmer</part>
	<part frame="218">promoWWday4</part>
	<part frame="219">promoWWday6</part>
	<part frame="220">promoWWmemOnly</part>
	<part frame="221">wwTrader</part>
	<part frame="222">wwAnnie</part>
	<part frame="223">wwMustachioB</part>
	<part frame="224">wwPonyExpress</part>
	<part frame="225">wwMarshal</part>
	<part frame="226">wwGSEvil</part>
	<part frame="227">wwGambler</part>
	<part frame="228">wwDeputy</part>
	<part frame="229">wwYoungGun</part>
	<part frame="230">wwBanditGirl</part>
	<part frame="231">wwWorker</part>
	<part frame="232">wwIndianGirl</part>
	<part frame="233">wwRough</part>
	<part frame="234">pLawmaker</part>
	<part frame="235">MTHyokozuna</part>
	<part frame="236">MTHscaredSumo</part>
	<part frame="237">MTHbasho</part>
	<part frame="238">pNinja02</part>
	<part frame="239">MTHreferee</part>
	<part frame="240">MTHtownie01</part>
	<part frame="241">MTHtownie02</part>
	<part frame="242">MTHtownie03</part>
	<part frame="243">MTHtownie04</part>
	<part frame="244">pMTHsumo1</part>
	<part frame="245">pMTHsumo2</part>
	<part frame="246">pMTHsumo3</part>
	<part frame="247">pMTHsumo4</part>
	<part frame="248">MTHsamurai01</part>
	<part frame="249">MTHninjaBlue</part>
	<part frame="250">MTHninjaWhite</part>
	<part frame="251">MTHprisoner</part>
	<part frame="252">MTHdragonPuppeteer</part>
	<part frame="253">MTHkimono01</part>
	<part frame="254">MTHkimono02</part>
	<part frame="255">MTHkimono03</part>
	<part frame="256">MTHkimono04</part>
	<part frame="257">MTHkimono05</part>
	<part frame="258">MTHyokoAsst</part>
	<part frame="259">MTHbookie</part>
	<part frame="260">MTHartist</part>
	<part frame="261">MTHgardener04</part>
	<part frame="262">MTHfemWar</part>
	<part frame="263">sponsor_KickinIt_blackbelt</part>
	<part frame="264">sponsor_KickinIt_whitebelt</part>
	<part frame="265">MTHshopkeeper</part>
	<part frame="266">MTHwoman</part>
	<part frame="267">TcamoGuy</part>
	<part frame="268">TpirateBlue</part>
	<part frame="269">SRdad</part>
	<part frame="270">Tcumulos</part>
	<part frame="271">Tninja01</part>
	<part frame="272">Tsamurai</part>
	<part frame="273">mtCoalMan</part>
	<part frame="274">mtDancer</part>
	<part frame="275">mtPoliceman</part>
	<part frame="276">mtJuggler</part>
	<part frame="277">TrockKnight</part>
	<part frame="278">TdreadRocker</part>
	<part frame="279">GSdiaper</part>
	<part frame="280">GSrobotPromo</part>
	<part frame="281">TT_elf1</part>
	<part frame="282">TT_elfQueen</part>
	<part frame="283">sponsorThePirates_LizBelt</part>
	<part frame="284">GSdiaper</part>
	<part frame="285">GSrobotPromo</part>
</parts>