<parts>
	<part frame="2">medalShark</part>
	<part frame="3">medalEarly</part>
	<part frame="4">apron</part>
	<part frame="5">sponsorSpace</part>
	<part frame="6">sponsorFLoops</part>
	<part frame="7">amulet</part>
	<part frame="8">medalTime</part>
	<part frame="9">voodoo</part>
	<part frame="10">leaves</part>
	<part frame="11">ruby</part>
	<part frame="12">heman</part>
	<part frame="13">lei</part>
	<part frame="14">camera</part>
	<part frame="15">aztecWarrior</part>
	<part frame="16">aztecKing</part>
	<part frame="17">aztecWoman</part>
	<part frame="18">aztecQueen</part>
	<part frame="19">aztecWiseGuy</part>
	<part frame="20">sponsorAJ</part>
	<part frame="21">sponsorAJ_apple</part>
	<part frame="22">sponsorAJ_CM</part>
	<part frame="23">dinerCook</part>
	<part frame="24">clerk</part>
	<part frame="25">medalCarrot</part>
	<part frame="26">labCoat</part>
	<part frame="27">hotDogVendor</part>
	<part frame="28">pretzelVendor</part>
	<part frame="29">Sears1</part>
	<part frame="30">Sears2</part>
	<part frame="31">Sears5</part>
	<part frame="32">medalSuper</part>
	<part frame="33">necklace</part>
	<part frame="34">grappleTie</part>
	<part frame="35">dog</part>
	<part frame="36">tied</part>
	<part frame="37">medalSpy</part>
	<part frame="38">sponsorLego</part>
	<part frame="39">sponsorLego2</part>
	<part frame="40">swaziGuy1</part>
	<part frame="41">swaziGuy2</part>
	<part frame="42">zuluGuy1</part>
	<part frame="43">africanGuy1</part>
	<part frame="44">africanLady1</part>
	<part frame="45">africanLady2</part>
	<part frame="46">africanLady3</part>
	<part frame="47">africanLady4</part>
	<part frame="48">africanGuy2</part>
	<part frame="49">africanLady6</part>
	<part frame="50">africanShepherd</part>
	<part frame="51">egyptArch</part>
	<part frame="52">oldPilot</part>
	<part frame="53">sponsorFLlemon</part>
	<part frame="54">mummy</part>
	<part frame="55">hippie</part>
	<part frame="56">hipHop</part>
	<part frame="57">hiker</part>
	<part frame="58">gothGirl</part>
	<part frame="59">sponsorOS2</part>
	<part frame="60">medalNabooti</part>
	<part frame="61">sponsorOS2b</part>
	<part frame="62">sponsorPP2</part>
	<part frame="63">yogosBucks</part>
	<part frame="64">sponsorSBdog</part>
	<part frame="65">sponsorSBsuit</part>
	<part frame="66">monkey</part>
	<part frame="67">sheep</part>
	<part frame="68">pKnight1</part>
	<part frame="69">pBall1</part>
	<part frame="70">pRiding1</part>
	<part frame="71">sponsorHSM3</part>
	<part frame="72">vest1</part>
	<part frame="73">vest2</part>
	<part frame="74">vest3</part>
	<part frame="75">tie1</part>
	<part frame="76">tie2</part>
	<part frame="77">tie3</part>
	<part frame="78">medalBigNate</part>
	<part frame="79">jacket1</part>
	<part frame="80">pRobot</part>
	<part frame="81">pRobot1b</part>
	<part frame="82">pPharaoh</part>
	<part frame="83">pEgyptQ</part>
	<part frame="84">pSamurai</part>
	<part frame="85">pRockerGuy1</part>
	<part frame="86">pRockerGirl1</part>
	<part frame="87">pDog1</part>
	<part frame="88">pPopGirl1</part>
	<part frame="89">pPopGirl2</part>
	<part frame="90">pPopGirl3</part>
	<part frame="91">pRobinhood1</part>
	<part frame="92">pRobinhood2</part>
	<part frame="93">pRobinhood3</part>
	<part frame="94">pRobinhood4</part>
	<part frame="95">pRobinhood5</part>
	<part frame="96">pFairy1</part>
	<part frame="97">sponsorPinoPino</part>
	<part frame="98">sponsorGbMummy</part>
	<part frame="99">astroChance</part>
	<part frame="100">greenKnight</part>
	<part frame="101">astroGuard1</part>
	<part frame="102">astroRoyal1</part>
	<part frame="103">astroKing</part>
	<part frame="104">astroManure</part>
	<part frame="105">astroGuard2</part>
	<part frame="106">astroCult</part>
	<part frame="107">medalAstro</part>
	<part frame="108">lifeJacket</part>
	<part frame="109">pSingerGuy1</part>
	<part frame="110">pPirateGuy1</part>
	<part frame="111">pCone</part>
	<part frame="112">pCowgirl1</part>
	<part frame="113">pCowboy1</part>
	<part frame="114">pRobot2</part>
	<part frame="115">pRobot3</part>
	<part frame="116">pRobot4</part>
	<part frame="117">pRobot5</part>
	<part frame="118">pAstronaut1</part>
	<part frame="119">sponsorBedB1</part>
	<part frame="120">sponsorCWMB1</part>
	<part frame="121">sponsorCWMB2</part>
	<part frame="122">pFirefighter1</part>
	<part frame="123">pClown1</part>
	<part frame="124">pPopGirlLE</part>
	<part frame="125">sponsorLegoBio</part>
	<part frame="126">pBiker1</part>
	<part frame="127">vampire</part>
	<part frame="128">pumpkin</part>
	<part frame="129">frankenstein</part>
	<part frame="130">hyde</part>
	<part frame="131">sponsorGbCrow</part>
	<part frame="132">skeleton1</part>
	<part frame="133">sponsorTinkerbell</part>
	<part frame="135">sponsorIceAge</part>
	<part frame="136">sponsorEC1</part>
	<part frame="137">sponsorEC2</part>
	<part frame="138">sponsorMinc1</part>
	<part frame="139">sponsorMinc2</part>
	<part frame="140">sponsorSBsanta</part>
	<part frame="141">sponsorSBsanta2</part>
	<part frame="142">sponsorSBsanta3</part>
	<part frame="143">sponsorPFxmas</part>
	<part frame="144">sponsorNM2guard</part>
	<part frame="145">fisherman2</part>
	<part frame="146">shadyCop</part>
	<part frame="147">securityGuard1</part>
	<part frame="148">sponsorMinc3</part>
	<part frame="149">pSnowman</part>
	<part frame="150">medalCounter</part>
	<part frame="151">sponsorCWMBnoodle</part>
	<part frame="152">sponsorCWMBcone</part>
	<part frame="153">medalReality</part>
	<part frame="154">buckyLucas</part>
	<part frame="155">mikesMarket</part>
	<part frame="156">sponsorFuzzy</part>
	<part frame="157">sponsorFLegypt1</part>
	<part frame="158">sponsorFLegypt2</part>
	<part frame="159">triton</part>
	<part frame="160">aeolus</part>
	<part frame="161">poseidon</part>
	<part frame="162">zeus</part>
	<part frame="163">hercules</part>
	<part frame="164">aphrodite</part>
	<part frame="165">minotaur</part>
	<part frame="166">athenaOld</part>
	<part frame="167">mythPes3</part>
	<part frame="168">medalMythology</part>
	<part frame="169">pPunkGuy1</part>
	<part frame="170">pRabbot</part>
	<part frame="171">pDrHare_Scientist</part>
	<part frame="172">sponsorFuryV</part>
	<part frame="173">pFool</part>
	<part frame="174">fisherman3</part>
	<part frame="175">skullMainOldLady</part>
	<part frame="176">skullMainFarmer2</part>
	<part frame="177">skullMainGuard1</part>
	<part frame="178">captCrawfish</part>
	<part frame="179">skullPirate2</part>
	<part frame="180">skullPirate3</part>
	<part frame="181">skullMainHayLady</part>
	<part frame="182">skullCannon</part>
	<part frame="183">skullWarehouse</part>
	<part frame="184">skullElegantLady</part>
	<part frame="185">skullMoroLady3</part>
	<part frame="186">skullMoroLady1</part>
	<part frame="187">skullChinaShipwright</part>
	<part frame="188">skullChinaWiseLady</part>
	<part frame="189">medalSkull</part>
	<part frame="190">sponsorMH_overshirt1</part>
	<part frame="191">sponsorMH_overshirt2</part>
	<part frame="192">sponsorMH_overshirt3</part>
	<part frame="193">sponsorMH_overshirt4</part>
	<part frame="194">sponsorMH_overshirt5</part>
	<part frame="195">sponsorMH_overshirt6</part>
	<part frame="196">sponsorMH_Mummy</part>
	<part frame="197">sponsorMargo</part>
	<part frame="198">sponsorPercyJackson</part>
	<part frame="199">pMythSurferZeus</part>
	<part frame="200">pMythSurferHades</part>
	<part frame="201">pMythSurferPose</part>
	<part frame="202">pGrad</part>
	<part frame="203">sponsor_SelenaG</part>
	<part frame="204">sponsor_Ramona</part>
	<part frame="205">sponsorCDdog</part>
	<part frame="206">sponsorDOWKwrest</part>
	<part frame="207">medalSteam</part>
	<part frame="208">steamCaptain</part>
	<part frame="209">steamSully</part>
	<part frame="210">pVampire_boy</part>
	<part frame="211">pVampire_girl01</part>
	<part frame="212">pVampire_girl02</part>
	<part frame="213">pVampire_girl03</part>
	<part frame="214">sponsorCityGirl</part>
	<part frame="215">sponsorNannyMcPhee</part>
	<part frame="216">pSteamRobot</part>
	<part frame="217">sponsor_MrHan</part>
	<part frame="218">medalPeanuts</part>
	<part frame="219">sponsor_BarbieB</part>
	<part frame="220">sponsorLegoHero</part>
	<part frame="221">pFM1</part>
	<part frame="222">pFM2</part>
	<part frame="223">pFM3</part>
	<part frame="224">pFM4</part>
	<part frame="225">pFM5</part>
	<part frame="226">pFM6</part>
	<part frame="227">pFM7</part>
	<part frame="228">pFM8</part>
	<part frame="229">sponsorAppleJacks_blitz</part>
	<part frame="230">scottishMan</part>
	<part frame="231">rowBoatMan</part>
	<part frame="232">sponsorMummyFL</part>
	<part frame="233">medalCryptids</part>
	<part frame="234">snootyDog</part>
	<part frame="235">ballonPilate01</part>
	<part frame="236">butler</part>
	<part frame="237">HunterGiveUp</part>
	<part frame="238">bartenderPub</part>
	<part frame="239">fortuneHunter2</part>
	<part frame="240">wwSaloonGirl</part>
	<part frame="241">pTangled_n_Lights</part>
	<part frame="242">sponserOS3</part>
	<part frame="243">sponsorOS3_Ursa</part>
	<part frame="244">sponsorOS3_Doug</part>
	<part frame="245">cryptidHarness</part>
	<part frame="246">promoWWday5</part>
	<part frame="247">promoWWday6</part>
	<part frame="248">wwTrader</part>
	<part frame="249">wwMustachioB</part>
	<part frame="250">wwMarshal</part>
	<part frame="251">wwGSEvil</part>
	<part frame="252">wwBanditGirl</part>
	<part frame="253">wwPrisoner</part>
	<part frame="254">wwBadge</part>
	<part frame="255">medalWest</part>
	<part frame="256">wwMexBandit</part>
	<part frame="257">wwCasinoPatron2</part>
	<part frame="258">RattleSnake</part>
	<part frame="259">sponsorHOPsuit</part>
	<part frame="260">medalWimpy</part>
	<part frame="261">paperBoy</part>
	<part frame="262">paperGirl</part>
	<part frame="263">sponsorMonsterHigh</part>
	<part frame="264">pOutlaw_boys</part>
	<part frame="265">pOutlaw_girls</part>
	<part frame="266">paperBoy_01</part>
	<part frame="267">paperBoy_02</part>
	<part frame="268">paperGirl_01</part>
	<part frame="269">paperGirl_02</part>
	<part frame="270">pPeaceMaker</part>
	<part frame="271">sponsorMonsterHigh_Draculara</part>
	<part frame="272">MTHbonsaiWoman</part>
	<part frame="273">MTHjack</part>
	<part frame="274">MTHshogunCasual</part>
	<part frame="275">medalRedDragon</part>
	<part frame="276">MTHprisoner</part>
	<part frame="277">MTHdragonPuppeteer</part>
	<part frame="278">MTHyokoAsst</part>
	<part frame="279">MTHyWoman</part>
	<part frame="280">MTHfishmonger</part>
	<part frame="281">MTHgardener02</part>
	<part frame="282">MTHfanDancer</part>
	<part frame="283">sponsorLM_Stella</part>
	<part frame="284">sponsorLM_Wen</part>
	<part frame="285">MTHfemWar</part>
	<part frame="286">sponsorRingLeader</part>
	<part frame="287">MTHwoman</part>
	<part frame="288">TpirateBlue</part>
	<part frame="289">Srcj</part>
	<part frame="290">LSword_robot1</part>
	<part frame="291">sponsorGregWrapped</part>
	<part frame="292">sponsor_PoppersPenguins_body</part>
	<part frame="293">ShrinkRayPromo4</part>
	<part frame="294">ShrinkRayPromo5</part>
	<part frame="295">medalShrinkRay</part>
	<part frame="296">LSword_robot3</part>
	<part frame="297">sponsor_Smurfs</part>
	<part frame="298">sponsorFijitFriends</part>
	<part frame="299">sponsor_Rio</part>
	<part frame="300">LSword_robot4</part>
	<part frame="301">sponsor_Rio_flightless</part>
	<part frame="302">Sponsor_AdventureTime_JakeOutfit</part>
	<part frame="303">mtPinkertonThug</part>
	<part frame="304">mtCoalMan</part>
	<part frame="305">Mtrich01</part>
	<part frame="306">MTrich02</part>
	<part frame="307">medalMysteryTrain</part>
	<part frame="308">mtDancer</part>
	<part frame="309">TrockKnight</part>
	<part frame="310">TdreadRocker</part>
	<part frame="311">pSherlock</part>
	<part frame="312">MTteslaChains</part>
	<part frame="313">blueBlazer</part>
	<part frame="314">sponsorHasbroFGN</part>
	<part frame="315">pPopcake</part>
	<part frame="316">sponsorLionKing</part>
	<part frame="317">sponsorAuntOpal</part>
	<part frame="318">GSrProf</part>
	<part frame="319">GSrAthlet</part>
	<part frame="320">GsrPopc</part>
	<part frame="321">GSrHost</part>
	<part frame="322">GSrAthlet02</part>
	<part frame="323">GSgiftShop</part>
	<part frame="324">Tron_robot</part>
	<part frame="325">GSbowlingBall</part>
	<part frame="326">medalGameShow</part>
	<part frame="327">sponsorJackAndJill</part>
	<part frame="328">sponsorFijitFriendsDance</part>
	<part frame="329">sponsor_CabinFever</part>
	<part frame="330">GSrobotPromo</part>
	<part frame="331">sponsorChipWrecked_Zoe</part>
	<part frame="332">sponsorBen10_Humungosaur</part>
	<part frame="333">sponsorBen10_ben10Jacket</part>
	<part frame="334">sponsorBen10_RexJacket</part>
	<part frame="335">pBully_bot</part>
	<part frame="336">Gtent</part>
	<part frame="337">Geditor</part>
	<part frame="338">GpromoDaphne</part>
	<part frame="339">medalGhostStory</part>
	<part frame="340">SRishmael</part>
	<part frame="341">SRflask</part>
	<part frame="342">sponsorTreasureBuddies</part>
	<part frame="343">medalSOS</part>
	<part frame="344">sponsorMonsterHigh1600_dress</part>
	<part frame="345">SRhazmat</part>
	<part frame="346">sponsor_Arrietty_Pod</part>
	<part frame="347">sponsorThe_Lorax_Thneed</part>
	<part frame="348">sponsor_Mooney</part>
	<part frame="349">p_seaCaptain</part>
	<part frame="350">medalVampire</part>
	<part frame="351">VCamulet</part>
	<part frame="352">sponsorMirrorMirror_tie</part>
	<part frame="353">sponsorMirrorMirror_Dwarf</part>
	<part frame="354">VChunter</part>
	<part frame="355">p_CountVampire</part>
	<part frame="356">TTamulet</part>
	<part frame="357">medalWoodland</part>
	<part frame="358">TT_elf1</part>
	<part frame="359">TT_elfQueen</part>
	<part frame="360">WLconstr</part>
	<part frame="361">pTroll</part>
	<part frame="362">pLeprechaun</part>
	<part frame="363">sponsorThePirates_LizBling</part>
	<part frame="364">sponsorThePirates_CapBelt</part>
	<part frame="365">Pie_Cherry</part>
	<part frame="366">Pie_Lemon</part>
	<part frame="367">Pie_Mud</part>
</parts>