<parts>
	<part frame="5">jet</part>
	<part frame="6">explorer</part>
	<part frame="7">shark</part>
	<part frame="8">sticks</part>
	<part frame="9">aztecCape</part>
	<part frame="10">greekWarrior</part>
	<part frame="11">viking3</part>
	<part frame="12">viking2</part>
	<part frame="13">sacagawea</part>
	<part frame="14">york</part>
	<part frame="15">batman</part>
	<part frame="16">hillary</part>
	<part frame="17">sherpa</part>
	<part frame="18">sponsorSpace</part>
	<part frame="19">glider</part>
	<part frame="20">drHare</part>
	<part frame="21">radioactive</part>
	<part frame="22">hero1</part>
	<part frame="23">hero2</part>
	<part frame="24">hero3</part>
	<part frame="25">hero4</part>
	<part frame="26">hero5</part>
	<part frame="27">hero6</part>
	<part frame="28">hero7</part>
	<part frame="29">cat</part>
	<part frame="30">fm1</part>
	<part frame="31">fm2</part>
	<part frame="32">fm3</part>
	<part frame="33">fm4</part>
	<part frame="34">fm5</part>
	<part frame="35">fm6</part>
	<part frame="36">fm7</part>
	<part frame="37">fm8</part>
	<part frame="38">dog</part>
	<part frame="39">sponsorTinkerbell</part>
	<part frame="40">vampire</part>
	<part frame="41">magician</part>
	<part frame="42">witch</part>
	<part frame="43">hiker</part>
	<part frame="44">geisha</part>
	<part frame="45">scuba2</part>
	<part frame="46">sponsorSBdog</part>
	<part frame="47">sponsorSBsuit</part>
	<part frame="48">monkey</part>
	<part frame="49">pKnight1</part>
	<part frame="50">pKnight2</part>
	<part frame="51">pKnight3</part>
	<part frame="52">pLion</part>
	<part frame="53">pGeisha1</part>
	<part frame="54">pRooster1</part>
	<part frame="55">pRooster2</part>
	<part frame="56">pRooster3</part>
	<part frame="57">pBall1</part>
	<part frame="58">pBall2</part>
	<part frame="59">pBall3</part>
	<part frame="60">pRobot</part>
	<part frame="61">pRobot1b</part>
	<part frame="62">pPharaoh</part>
	<part frame="63">pEgyptQ</part>
	<part frame="64">pZorro</part>
	<part frame="65">pSamurai</part>
	<part frame="66">pDragon1</part>
	<part frame="67">pDragon2</part>
	<part frame="68">pDragon3</part>
	<part frame="69">pMouse</part>
	<part frame="70">pDog1</part>
	<part frame="71">pDog2</part>
	<part frame="72">pDog3</part>
	<part frame="73">pNinja1</part>
	<part frame="74">pRobinhood1</part>
	<part frame="75">pFairy1</part>
	<part frame="76">sponsorPinoFairy</part>
	<part frame="77">astroChance</part>
	<part frame="78">redKnight</part>
	<part frame="79">blueKnight</part>
	<part frame="80">greenKnight</part>
	<part frame="81">astroRoyal1</part>
	<part frame="82">astroKing</part>
	<part frame="83">hay</part>
	<part frame="84">astroVill4</part>
	<part frame="85">pRobot2</part>
	<part frame="86">pRobot3</part>
	<part frame="87">pRobot4</part>
	<part frame="88">pRobot5</part>
	<part frame="89">pAstronaut1</part>
	<part frame="90">pFirefighter1</part>
	<part frame="91">pNinjaLE</part>
	<part frame="92">pSheDevil</part>
	<part frame="93">pDevil1</part>
	<part frame="94">pAngelWings</part>
	<part frame="95">sponsorLegoBio</part>
	<part frame="96">pDareD1</part>
	<part frame="97">grimReaper</part>
	<part frame="98">frankBride</part>
	<part frame="99">pWolf1</part>
	<part frame="100">pLagoon</part>
	<part frame="101">pMunster</part>
	<part frame="102">sponsorMinc1</part>
	<part frame="103">sponsorMinc2</part>
	<part frame="104">pTigerShark</part>
	<part frame="105">sponsorCBee</part>
	<part frame="106">sponsorWilson</part>
	<part frame="107">sponsorDitch</part>
	<part frame="108">sponsorMonkeyBall</part>
	<part frame="109">sponsorFLegypt1</part>
	<part frame="110">sponsorFLegypt2</part>
	<part frame="111">hades</part>
	<part frame="112">zeus</part>
	<part frame="113">athena</part>
	<part frame="114">athenaOld</part>
	<part frame="115">aphrodite</part>
	<part frame="116">mythTeen1</part>
	<part frame="117">mythTeen2</part>
	<part frame="118">medusa</part>
	<part frame="119">satyr</part>
	<part frame="120">sponsorTSBRbuzz</part>
	<part frame="121">pMagic1</part>
	<part frame="122">sponsorFurryV</part>
	<part frame="123">pEarthKnight</part>
	<part frame="124">pGirlKnight</part>
	<part frame="125">pDarkKnght_boy</part>
	<part frame="126">pDarkKnight_girl</part>
	<part frame="127">hayPack</part>
	<part frame="128">skullMoroGuy3</part>
	<part frame="129">sponsorPercyZeus</part>
	<part frame="130">sponsorCDdog</part>
	<part frame="131">pHammerShark</part>
	<part frame="132">steamWorker1</part>
	<part frame="133">steamPilot</part>
	<part frame="134">sponsorTink3</part>
	<part frame="135">sponsorAlphaOmega</part>
	<part frame="136">sponsorAO_Omega</part>
	<part frame="137">sponsorAO_Alpha</part>
	<part frame="138">pSteamRobot</part>
	<part frame="139">sponsor_BarbieBee</part>
	<part frame="140">sponsorLegoHero</part>
	<part frame="141">sponsorBarbleGGdog2</part>
	<part frame="142">sponsorBarbleGGdog3</part>
	<part frame="143">sponsorHNC_HoneyDefender</part>
	<part frame="144">youngSherpa</part>
	<part frame="145">fortuneHunter1</part>
	<part frame="146">fortuneHunter2</part>
	<part frame="147">sponsorHOPsuit</part>
	<part frame="148">MTHbonsaiWoman</part>
	<part frame="149">MTHjack</part>
	<part frame="150">MTHyWoman</part>
	<part frame="151">MTHgardener02</part>
	<part frame="152">MTHfanDancer</part>
	<part frame="153">MTHfemWar</part>
	<part frame="154">TiceSH</part>
	<part frame="155">Tcumulos</part>
	<part frame="156">Sponsor_AdventureTime_FinnPack</part>
	<part frame="157">promo_PopGuidebk_bkpack</part>
	<part frame="158">sponsorJackAndJill</part>
	<part frame="159">sponsorArthurChristmas</part>
	<part frame="160">EVile</part>
	<part frame="161">sponsorChipWrecked_Alvin</part>
	<part frame="162">sponsorChipWrecked_Brit</part>
	<part frame="163">sponsorBen10_humungosaurTail</part>
	<part frame="164">Gcloaked</part>
	<part frame="165">GpromoHunter</part>
	<part frame="166">SRhazmat</part>
	<part frame="167">sponser_Arrietty_Pod</part>
	<part frame="168">VCdracula</part>
	<part frame="169">sponsorMirrorMirror_cape</part>
	<part frame="170">VChunter</part>
	<part frame="171">p_countessVampire</part>
	<part frame="172">p_CountVampire</part>
	<part frame="173">TT_elft1</part>
	<part frame="174">TT_elfQueen</part>
	<part frame="175">pTroll</part>
	<part frame="176">Sponsor_AdventureTime_FakeFinnPack</part>
</parts>