<parts>
	<part frame="15">greekWarrior</part>
	<part frame="16">greekLady</part>
	<part frame="17">aztecWarrior</part>
	<part frame="18">aztecKing</part>
	<part frame="19">aztecWoman</part>
	<part frame="20">aztecQueen</part>
	<part frame="21">aztecSlave</part>
	<part frame="22">aztecWomanSlave</part>
	<part frame="23">chineseWarrior</part>
	<part frame="24">chineseWiseGuy</part>
	<part frame="25">chineseArtist</part>
	<part frame="26">chinesePeasant</part>
	<part frame="27">leo</part>
	<part frame="28">viking1</part>
	<part frame="29">viking2</part>
	<part frame="30">jefferson</part>
	<part frame="31">franklin</part>
	<part frame="32">adams</part>
	<part frame="33">bartholdi</part>
	<part frame="34">eiffel</part>
	<part frame="35">frenchman</part>
	<part frame="36">edison</part>
	<part frame="37">van</part>
	<part frame="38">explorer</part>
	<part frame="39">skater</part>
	<part frame="40">scuba</part>
	<part frame="41">finVendor</part>
	<part frame="42">fisherman</part>
	<part frame="43">distressedMom</part>
	<part frame="44">fact</part>
	<part frame="45">lewis</part>
	<part frame="46">sacagawea</part>
	<part frame="47">batman</part>
	<part frame="48">hillary</part>
	<part frame="49">sherpa</part>
	<part frame="50">tourist</part>
	<part frame="51">leoassist</part>
	<part frame="52">spanishcon</part>
	<part frame="53">referee</part>
	<part frame="54">gasDude</part>
	<part frame="55">dinerWaitress</part>
	<part frame="56">bare</part>
	<part frame="57">policeman</part>
	<part frame="58">nerd</part>
	<part frame="59">tailor</part>
	<part frame="60">hero1</part>
	<part frame="61">hero2</part>
	<part frame="62">hero3</part>
	<part frame="63">hero4</part>
	<part frame="64">hero5</part>
	<part frame="65">hero6</part>
	<part frame="66">badAgent</part>
	<part frame="67">camoPants</part>
	<part frame="68">directorD</part>
	<part frame="69">SS</part>
	<part frame="70">Sears1</part>
	<part frame="71">Sears2</part>
	<part frame="72">Sears3</part>
	<part frame="73">Sears4</part>
	<part frame="74">Sears5</part>
	<part frame="75">Sears6</part>
	<part frame="76">Nim1</part>
	<part frame="77">Nim2</part>
	<part frame="78">sponsorLego</part>
	<part frame="79">legoHenchman</part>
	<part frame="80">swaziGuy1</part>
	<part frame="81">zuluGuy1</part>
	<part frame="82">swaziGuy2</part>
	<part frame="83">africanGuy1</part>
	<part frame="84">africanLady1</part>
	<part frame="85">africanLady2</part>
	<part frame="86">africanLady3</part>
	<part frame="87">egyptArch</part>
	<part frame="88">oldPilot</part>
	<part frame="89">miner1</part>
	<part frame="90">miner2</part>
	<part frame="91">sponsorCTCgirl</part>
	<part frame="92">sponsorCTCguy</part>
	<part frame="93">sponsorWalmartElfM</part>
	<part frame="94">sponsorWalmartElfF</part>
	<part frame="95">sponsorWallE</part>
	<part frame="96">pinkSkirt</part>
	<part frame="97">hippie</part>
	<part frame="98">basketball</part>
	<part frame="99">lawyer</part>
	<part frame="100">chef</part>
	<part frame="101">baseball</part>
	<part frame="102">hipHop</part>
	<part frame="103">snootyGirl</part>
	<part frame="104">soccer</part>
	<part frame="105">hiker</part>
	<part frame="106">musicLoverG</part>
	<part frame="107">biker</part>
	<part frame="108">cowGirl</part>
	<part frame="109">grandpa</part>
	<part frame="110">gothGirl</part>
	<part frame="111">yogosBucks</part>
	<part frame="112">pKnight1</part>
	<part frame="113">pGeisha1</part>
	<part frame="114">pGeisha2</part>
	<part frame="115">pGeisha3</part>
	<part frame="116">pBall1</part>
	<part frame="117">pBall2</part>
	<part frame="118">pBall3</part>
	<part frame="119">pRiding1</part>
	<part frame="120">pRiding2</part>
	<part frame="121">pRiding3</part>
	<part frame="122">girlSkirt1</part>
	<part frame="123">girlSkirt2</part>
	<part frame="124">girlSkirt3</part>
	<part frame="125">girlSkirt4</part>
	<part frame="126">girlSkirt5</part>
	<part frame="127">pPharaoh</part>
	<part frame="128">pEgyptQ</part>
	<part frame="129">pZorro</part>
	<part frame="130">pSamurai</part>
	<part frame="131">pRockerGuy1</part>
	<part frame="132">pRockerGirl1</part>
	<part frame="133">pPopGirl1</part>
	<part frame="134">pPopGirl2</part>
	<part frame="135">pPopGirl3</part>
	<part frame="136">pNinja</part>
	<part frame="137">pRobinhood1</part>
	<part frame="138">pFairy1</part>
	<part frame="139">pFairy2</part>
	<part frame="140">pFairy3</part>
	<part frame="141">sponsorPinoFairy</part>
	<part frame="142">cyberJester</part>
	<part frame="143">astroServant2</part>
	<part frame="144">astroChance</part>
	<part frame="145">redKnight</part>
	<part frame="146">greenKnight</part>
	<part frame="147">astroGuard1</part>
	<part frame="148">astroMonk</part>
	<part frame="149">astroCult</part>
	<part frame="150">astroPrincess</part>
	<part frame="151">astroEvilPrincess</part>
	<part frame="152">astroServant1</part>
	<part frame="153">astroQueen</part>
	<part frame="154">astroRoyal1</part>
	<part frame="155">astroKing</part>
	<part frame="156">astroVill1</part>
	<part frame="157">astroManure</part>
	<part frame="158">astroVill2</part>
	<part frame="159">astroGuard2</part>
	<part frame="160">astroFarmer</part>
	<part frame="161">sponsorFLoct</part>
	<part frame="162">sponsorFLoct2</part>
	<part frame="163">astroVill3</part>
	<part frame="164">astroPes2</part>
	<part frame="165">astrocurrator</part>
	<part frame="166">astroGossip1</part>
	<part frame="167">astroGossip2</part>
	<part frame="168">astroGossip3</part>
	<part frame="169">astroGossip5</part>
	<part frame="170">astroAlien1</part>
	<part frame="171">astroAlien2</part>
	<part frame="172">astroAlien3</part>
	<part frame="173">astroAlien4</part>
	<part frame="174">astroZone</part>
	<part frame="175">pSingerGuy1</part>
	<part frame="176">pSingerGuy2</part>
	<part frame="177">pSingerGuy3</part>
	<part frame="178">pPirateGuy1</part>
	<part frame="179">pPirateGirl1</part>
	<part frame="180">pBaseballGirl1</part>
	<part frame="181">pBaseballGirl2</part>
	<part frame="182">pBaseballGirl3</part>
	<part frame="183">pBaseballGuy1</part>
	<part frame="184">pBaseballGuy2</part>
	<part frame="185">pBaseballGuy3</part>
	<part frame="186">pCowboy1</part>
	<part frame="187">pRobot2</part>
	<part frame="188">pRobot3</part>
	<part frame="189">pRobot4_1</part>
	<part frame="190">pRobot4_2</part>
	<part frame="191">pRobot4_3</part>
	<part frame="192">pRobot5</part>
	<part frame="193">pKarateBoy1</part>
	<part frame="194">pKarateBoy2</part>
	<part frame="195">pKarateBoy3</part>
	<part frame="196">pKarateGirl1</part>
	<part frame="197">pKarateGirl2</part>
	<part frame="198">pKarateGirl3</part>
	<part frame="199">pCheerleader1</part>
	<part frame="200">pCheerleader2</part>
	<part frame="201">pCheerleader3</part>
	<part frame="202">pCheerleaderGoth</part>
	<part frame="203">sponsorWM1</part>
	<part frame="204">sponsorWM2</part>
	<part frame="205">pAstronaut1</part>
	<part frame="206">sponsorCWMB1</part>
	<part frame="207">sponsorCWMB2</part>
	<part frame="208">pClown1</part>
	<part frame="209">pFirefighter1</part>
	<part frame="210">pNinjaLE</part>
	<part frame="211">pSheDevil</part>
	<part frame="212">pDevil1</part>
	<part frame="213">pAngel</part>
	<part frame="214">pPopGirlLE</part>
	<part frame="215">sponsorLegoBio</part>
	<part frame="216">pBiker1</part>
	<part frame="217">pDareD1</part>
	<part frame="218">pumpkin</part>
	<part frame="219">grimReaper</part>
	<part frame="220">frankenstein</part>
	<part frame="221">frankBride</part>
	<part frame="222">sponsorAstro1</part>
	<part frame="223">sponsorAstro2</part>
	<part frame="224">hyde</part>
	<part frame="225">sponsorTinkerbell</part>
	<part frame="226">sponsorTinkerbell4</part>
	<part frame="227">sponsorFuel1</part>
	<part frame="228">sponsorFuel2</part>
	<part frame="229">vampire2</part>
	<part frame="230">vampire</part>
	<part frame="231">sponsorIceAge</part>
	<part frame="232">sponsorEC1</part>
	<part frame="233">sponsorEC2</part>
	<part frame="234">pWolf1</part>
	<part frame="235">pWolf2</part>
	<part frame="236">pMunster</part>
	<part frame="237">sponsorSBsanta4</part>
	<part frame="238">sponsorPFxmas</part>
	<part frame="239">sponsorNM2guard</part>
	<part frame="240">shadyCop</part>
	<part frame="241">curator</part>
	<part frame="242">tourGuide</part>
	<part frame="243">chef2</part>
	<part frame="244">conWorker1</part>
	<part frame="245">curator2</part>
	<part frame="246">securityGuard1</part>
	<part frame="247">patron1</part>
	<part frame="248">counterRes1</part>
	<part frame="249">pBallerina1</part>
	<part frame="250">pBallerina2</part>
	<part frame="251">pBallerina3</part>
	<part frame="252">frenchPol1</part>
	<part frame="253">sponsorSpyNext</part>
	<part frame="254">sponsorCBee</part>
	<part frame="255">pantsEarly</part>
	<part frame="256">pantsShark</part>
	<part frame="257">pantsTime</part>
	<part frame="258">pantsCarrot</part>
	<part frame="259">pantsSuper</part>
	<part frame="260">pantsSpy</part>
	<part frame="261">pantsNabooti</part>
	<part frame="262">pantsNate</part>
	<part frame="263">pantsAstro</part>
	<part frame="264">pantsCounter</part>
	<part frame="265">pantsTV</part>
	<part frame="266">buckyLucas</part>
	<part frame="267">buckyFan</part>
	<part frame="268">realityTeen</part>
	<part frame="269">sponsorWilson</part>
	<part frame="270">sponsorDitch</part>
	<part frame="271">sponsorFizzy</part>
	<part frame="272">sponsorMonkeyBall</part>
	<part frame="273">pFootball1</part>
	<part frame="274">pFootball2</part>
	<part frame="275">pFootball3</part>
	<part frame="276">pFootball4</part>
	<part frame="277">sponsorFLegypt1</part>
	<part frame="278">triton</part>
	<part frame="279">charon</part>
	<part frame="280">hades</part>
	<part frame="281">medusa</part>
	<part frame="282">poseidon</part>
	<part frame="283">zeus</part>
	<part frame="284">athena</part>
	<part frame="285">aphrodite</part>
	<part frame="286">dionysus</part>
	<part frame="287">aeolus</part>
	<part frame="288">mythPes1</part>
	<part frame="289">mythPes4</part>
	<part frame="290">mythPes5</part>
	<part frame="291">mythPes6</part>
	<part frame="292">mythPes7</part>
	<part frame="293">mythTeen1</part>
	<part frame="294">mythTeen2</part>
	<part frame="295">mythBeach1</part>
	<part frame="296">mythBeach2</part>
	<part frame="297">satyr</part>
	<part frame="298">sponsorBF5a</part>
	<part frame="299">sponsorBF5b</part>
	<part frame="300">sponsorBF5c</part>
	<part frame="301">sponsorBF5d</part>
	<part frame="302">sponsorBF5e</part>
	<part frame="303">sponsorTSBRbuzz</part>
	<part frame="304">sponsorTSBRjess</part>
	<part frame="305">sponsorTSBRalien</part>
	<part frame="306">pMagic1</part>
	<part frame="307">pPunkGirl1</part>
	<part frame="308">pPunkGirl2</part>
	<part frame="309">pPunkGirl3</part>
	<part frame="310">pPunkGirl4</part>
	<part frame="311">pPunkGirl5</part>
	<part frame="312">pDrHare_Hench</part>
	<part frame="313">pEinstein</part>
	<part frame="314">pEinstein2</part>
	<part frame="315">pEarthKnight</part>
	<part frame="316">pGirlKnight</part>
	<part frame="317">pDarkKnight_boy</part>
	<part frame="318">pDarkKnigt_girl</part>
	<part frame="319">pFool</part>
	<part frame="320">sponsorKoiFish</part>
	<part frame="321">skullMainGuard1</part>
	<part frame="322">skullOrleansGuard</part>
	<part frame="323">skullMainGov</part>
	<part frame="324">skullMainServant</part>
	<part frame="325">skullMainMerch</part>
	<part frame="326">skullMainOldMan</part>
	<part frame="327">captCrawfish</part>
	<part frame="328">skullPirate2</part>
	<part frame="329">skullPirate8</part>
	<part frame="330">skullSam</part>
	<part frame="331">skullPirate3</part>
	<part frame="332">skullPirate4</part>
	<part frame="333">skullPirate5</part>
	<part frame="334">skullPirate7</part>
	<part frame="335">skullInk</part>
	<part frame="336">skullNavigator</part>
	<part frame="337">skullMainHayLady</part>
	<part frame="338">skullMainFarmLady</part>
	<part frame="339">skullMainOldLady</part>
	<part frame="340">skullMainClerk</part>
	<part frame="341">skullMainGirl</part>
	<part frame="342">skullElegantLady</part>
	<part frame="343">skullMoroLady1</part>
	<part frame="344">skullMoroBank</part>
	<part frame="345">skullMoroLady2</part>
	<part frame="346">skullMoroLady3</part>
	<part frame="347">skullMoroGuy1</part>
	<part frame="348">skullMoroGuy2</part>
	<part frame="349">skullMoroGuy3</part>
	<part frame="350">skullChinaGuy1</part>
	<part frame="351">skullChinaMerch</part>
	<part frame="352">skullChinaShipSell</part>
	<part frame="353">skullChinaWiseWoman</part>
	<part frame="354">skullChinaGuy2</part>
	<part frame="355">pSkullPirate1a</part>
	<part frame="356">pSkullPirate1b</part>
	<part frame="357">pSkullPirate1c</part>
	<part frame="358">pSkullPirate1d</part>
	<part frame="359">sponsorMH_skirt1</part>
	<part frame="360">sponsorMH_skirt2</part>
	<part frame="361">sponsorMH_skirt3</part>
	<part frame="362">sponsorMH_skirt4</part>
	<part frame="363">sponsorMH_skirt5</part>
	<part frame="364">sponsorMH_skirt6</part>
	<part frame="365">pDaisy</part>
	<part frame="366">pPromKing1a</part>
	<part frame="367">pPromKing1b</part>
	<part frame="368">pPromKing1c</part>
	<part frame="369">pPromKing1d</part>
	<part frame="370">pPromQueen1a</part>
	<part frame="371">pPromQueen1b</part>
	<part frame="372">pPromQueen1c</part>
	<part frame="373">pPromQueen1d</part>
	<part frame="374">pPromQueen1e</part>
	<part frame="375">sponsorMinion</part>
	<part frame="376">sponsorAgnes</part>
	<part frame="377">sponsorEdith</part>
	<part frame="378">sponsorMargo</part>
	<part frame="379">pMythSurferZeus</part>
	<part frame="380">pMythSurferHades</part>
	<part frame="381">pMythSurferPose</part>
	<part frame="382">pSoccer1a</part>
	<part frame="383">pSoccer1b</part>
	<part frame="384">pSoccer1c</part>
	<part frame="385">pSoccer1d</part>
	<part frame="386">steamCaptain</part>
	<part frame="387">steamMayor</part>
	<part frame="388">sponsor_Ramona</part>
	<part frame="389">pNerdBoy</part>
	<part frame="390">pNerdGirl</part>
	<part frame="391">pVampire_boy</part>
	<part frame="392">sponsorTinkBobble</part>
	<part frame="393">pVampire_girl01</part>
	<part frame="394">sponsor_SpyHelmet</part>
	<part frame="395">sponsor_SelenaG</part>
	<part frame="396">pVampire_Girl02</part>
	<part frame="397">sponsorFarmGirl</part>
	<part frame="398">sponsorFarmKid</part>
	<part frame="399">sponsorFarmerBoy</part>
	<part frame="400">sponsorCityGirl</part>
	<part frame="401">sponsorCityBoy</part>
	<part frame="402">sponsorFarmMom</part>
	<part frame="403">sponsorNannyMcPhee</part>
	<part frame="404">sponsor_MayanWarrior</part>
	<part frame="405">sponsor_POK-King</part>
	<part frame="406">sponsor_POK-Mason</part>
	<part frame="407">sponsor_POK-Tarantula</part>
	<part frame="408">sponsor_KK_Bully01</part>
	<part frame="409">sponsor_MrHan</part>
	<part frame="410">sponsor_KarateKid</part>
	<part frame="411">Birthday_3</part>
	<part frame="412">TowerPrep_Boys</part>
	<part frame="413">TowerPrep_Girls</part>
	<part frame="414">sponsor_BarbiePirate</part>
	<part frame="415">sponsor_BarbieVampire</part>
	<part frame="416">sponsor_BarbieWizard</part>
	<part frame="417">sponsor_BarbieBee</part>
	<part frame="418">sponsor_BarbieB</part>
	<part frame="419">pFM_pants</part>
	<part frame="420">sponsorBarbieGGgirl</part>
	<part frame="421">scottishMan</part>
	<part frame="422">rowBoatMan</part>
	<part frame="423">pinkTux</part>
	<part frame="424">gulliver</part>
	<part frame="425">haroldMews</part>
	<part frame="426">gardener</part>
	<part frame="427">balloonpilate01</part>
	<part frame="428">balloonPilot02</part>
	<part frame="429">gliderGirl</part>
	<part frame="430">MaintenanceMan</part>
	<part frame="431">butler</part>
	<part frame="432">HunterGiveUp</part>
	<part frame="433">farmerBoy</part>
	<part frame="434">oldSherpa</part>
	<part frame="435">monk</part>
	<part frame="436">wwSaloonGirl</part>
	<part frame="437">wwPrettyWoman</part>
	<part frame="438">pTangled_n_Lights</part>
	<part frame="439">sponsorOS3</part>
	<part frame="440">sponsorOS3_Ursa</part>
	<part frame="441">pDisco_King</part>
	<part frame="442">sponsorYellowRanger</part>
	<part frame="443">promoWWmemOnly</part>
	<part frame="444">sponsorGnomeo</part>
	<part frame="445">sponsorJuliet</part>
	<part frame="446">sponsorPinkRanger</part>
	<part frame="447">wwTrader</part>
	<part frame="448">wwMustachio</part>
	<part frame="449">wwMustachioB</part>
	<part frame="450">wwPonyExpress</part>
	<part frame="451">wwPonyExpressB</part>
	<part frame="452">wwRJEarl</part>
	<part frame="453">wwMarshal</part>
	<part frame="454">wwRuby</part>
	<part frame="455">wwGSEvil</part>
	<part frame="456">wwGambler</part>
	<part frame="457">wwPhoto</part>
	<part frame="458">wwBanker</part>
	<part frame="459">wwDeputy</part>
	<part frame="460">wwConductor</part>
	<part frame="461">wwWorker</part>
	<part frame="462">wwBanditGirl</part>
	<part frame="463">wwGenericGuy</part>
	<part frame="464">wwAnnouncer</part>
	<part frame="465">wwProspector</part>
	<part frame="466">wwAnnie</part>
	<part frame="467">wwCasinoPatron2</part>
	<part frame="468">wwBeardLady</part>
	<part frame="469">wwGenericLady</part>
	<part frame="470">wwIndianGirl</part>
	<part frame="471">sponsorMarsNeedsMoms</part>
	<part frame="472">paperGirl</part>
	<part frame="473">sponsorMH_swim1</part>
	<part frame="474">MTHscaredSumo</part>
	<part frame="475">MTHbonsaiWoman</part>
	<part frame="476">MTHfisherman</part>
	<part frame="477">MTHshogunCasual</part>
	<part frame="478">MTHshogunArmor</part>
	<part frame="479">MTHbasho</part>
	<part frame="480">pNinja02</part>
	<part frame="481">MTHreferee</part>
	<part frame="482">MTHtownie01</part>
	<part frame="483">MTHtownie02</part>
	<part frame="484">MTHtownie03</part>
	<part frame="485">MTHtownie04</part>
	<part frame="486">pMTHsumo1</part>
	<part frame="487">pMTHsumo2</part>
	<part frame="488">pMTHsumo3</part>
	<part frame="489">pMTHsumo4</part>
	<part frame="490">MTHsamurai01</part>
	<part frame="491">MTHninjaBlue</part>
	<part frame="492">MTHninjaWhite</part>
	<part frame="493">MTHprisoner</part>
	<part frame="494">MTHdraonPuppeteer</part>
	<part frame="495">MTHkimono01</part>
	<part frame="496">MTHkimono02</part>
	<part frame="497">MTHkimono03</part>
	<part frame="498">MTHkimono04</part>
	<part frame="499">MTHkimono05</part>
	<part frame="500">MTHyokoAsst</part>
	<part frame="501">MTHyWoman</part>
	<part frame="502">MTHbookie</part>
	<part frame="503">MTHartist</part>
	<part frame="504">MTHgardener02</part>
	<part frame="505">MTHgardener04</part>
	<part frame="506">MTHfanDancer</part>
	<part frame="507">MTHfemWar</part>
	<part frame="508">sponsor_KickinItPants</part>
	<part frame="509">sponsor_GnomeoBluRayPants</part>
	<part frame="510">sponsor_GnomeoRedskirt</part>
	<part frame="511">sponsor_GnomeoBlueSkirt</part>
	<part frame="512">sponsor_GnomeoGreenSkirt</part>
	<part frame="513">sponsorJudyMoody</part>
	<part frame="514">sponserRignLeader</part>
	<part frame="515">TcamoGuy</part>
	<part frame="516">TiceSH</part>
	<part frame="517">TpirateBlue</part>
	<part frame="518">SRmom</part>
	<part frame="519">SRneighbor02</part>
	<part frame="520">TboogaShaman</part>
	<part frame="521">sponsor_Smurfs</part>
	<part frame="522">Tcumulos</part>
	<part frame="523">Sponsor_AdventureTime_FinnPants</part>
	<part frame="524">Tninja01</part>
	<part frame="525">Tsamurai</part>
	<part frame="526">mtHoudini</part>
	<part frame="527">mtCleveland</part>
	<part frame="528">mtTwain</part>
	<part frame="529">mtEdison</part>
	<part frame="530">mtSusanB</part>
	<part frame="531">MTtesla</part>
	<part frame="532">MTferris</part>
	<part frame="533">MTeiffel</part>
	<part frame="534">MTnyReporter</part>
	<part frame="535">MtfReporter</part>
	<part frame="536">MTtownie01</part>
	<part frame="537">MTtownie02</part>
	<part frame="538">MTtownie03</part>
	<part frame="539">MTrich01</part>
	<part frame="540">mtPoliceman</part>
	<part frame="541">mtJuggler</part>
	<part frame="542">Mtrich02</part>
	<part frame="543">MTrich03</part>
	<part frame="544">mtDancer</part>
	<part frame="545">TrockKnight</part>
	<part frame="546">TdreadRocker</part>
	<part frame="547">pSherlock</part>
	<part frame="548">sponsorAuntOpal</part>
	<part frame="549">sponsor_carnivalSuit</part>
	<part frame="550">GSrProf</part>
	<part frame="551">GSrAthlet</part>
	<part frame="552">GSrPopc</part>
	<part frame="553">GSrHost</part>
	<part frame="554">GSrAthlet02</part>
	<part frame="555">GSfactoryWorker</part>
	<part frame="556">GSrobotPromo</part>
	<part frame="557">sponsor_m17</part>
	<part frame="558">sponsorChipWrecked_tBritney</part>
	<part frame="559">sponsorChipWrecked_Zoe</part>
	<part frame="560">sponsorBen10_agentSixPants</part>
	<part frame="561">sponsorChipWrecked_Jeanette</part>
	<part frame="562">Gcloaked</part>
	<part frame="563">Gcrone</part>
	<part frame="564">Glodger</part>
	<part frame="565">GpromoDaphne</part>
	<part frame="566">GpromoHunter</part>
	<part frame="567">GpromoBrownLady</part>
	<part frame="568">sponsorTreasureBuddies</part>
	<part frame="569">p_Elf_boy</part>
	<part frame="570">p_elf_girl</part>
	<part frame="571">SRhazmat</part>
	<part frame="572">sponsor_Arrietty_Pod</part>
	<part frame="573">VCvillager1</part>
	<part frame="574">VCkatyasMom</part>
	<part frame="575">VCcashier</part>
	<part frame="576">VCkatya</part>
	<part frame="577">VCgothGirl</part>
	<part frame="578">sponsorMirrorMirror_skirt</part>
	<part frame="579">sponsorUltimateSpiderman_Pants</part>
	<part frame="580">vampireCountess</part>
	<part frame="581">TT_elf1</part>
	<part frame="582">TT_elfQueen</part>
	<part frame="583">TT_mom</part>
	<part frame="584">pLeprechaun</part>
	<part frame="585">sponsorThePirates_LizPants</part>
	<part frame="586">sponsorChipWreckedDVD_Alvin</part>
	<part frame="587">sponsorKerstie</part>
	<part frame="588">sponsor_Lilly</part>
	<part frame="589">sponsor_Rick</part>
	<part frame="590">sponsor_PollyP_Reward</part>
	<part frame="591">Sponsor_AdventureTime_FakeFinnPants</part>
</parts>