<parts>
	<part frame="8">bare</part>
	<part frame="28">greekWarrior</part>
	<part frame="29">aztecWoman</part>
	<part frame="30">aztecQueen</part>
	<part frame="31">aztecSlave</part>
	<part frame="32">aztecWomanSlave</part>
	<part frame="33">chineseWarrior</part>
	<part frame="34">chineseWiseGuy</part>
	<part frame="35">chineseArtist</part>
	<part frame="36">chinesePeasant</part>
	<part frame="37">leo</part>
	<part frame="38">bartholdi</part>
	<part frame="39">eiffel</part>
	<part frame="40">frenchman1</part>
	<part frame="41">frenchman2</part>
	<part frame="42">edison</part>
	<part frame="43">edworker1</part>
	<part frame="44">edworker2</part>
	<part frame="45">van</part>
	<part frame="46">rat</part>
	<part frame="47">explorer</part>
	<part frame="48">finVendor</part>
	<part frame="49">hulaLady</part>
	<part frame="50">fisherman</part>
	<part frame="51">distressedMom</part>
	<part frame="52">vendor</part>
	<part frame="53">skater</part>
	<part frame="54">scuba</part>
	<part frame="55">lewis</part>
	<part frame="56">clark</part>
	<part frame="57">york</part>
	<part frame="58">sacagawea</part>
	<part frame="59">toussaint</part>
	<part frame="60">batman</part>
	<part frame="61">tourist</part>
	<part frame="62">greekWiseGuy</part>
	<part frame="63">greekLady</part>
	<part frame="64">greekGuy</part>
	<part frame="65">oracle</part>
	<part frame="66">spanishcon</part>
	<part frame="67">aztecWiseGuy</part>
	<part frame="68">viking1</part>
	<part frame="69">viking2</part>
	<part frame="70">viking3</part>
	<part frame="71">jefferson</part>
	<part frame="72">franklin</part>
	<part frame="73">adams</part>
	<part frame="74">hillary</part>
	<part frame="75">sherpa</part>
	<part frame="76">maliGuy1</part>
	<part frame="77">maliGuy2</part>
	<part frame="78">maliLady1</part>
	<part frame="79">maliLady2</part>
	<part frame="80">leoassist</part>
	<part frame="81">shark</part>
	<part frame="82">referee</part>
	<part frame="83">gasDude</part>
	<part frame="84">dinerWaitress</part>
	<part frame="85">farmer</part>
	<part frame="86">Mayor</part>
	<part frame="87">hobo</part>
	<part frame="88">drHare</part>
	<part frame="89">radioactive</part>
	<part frame="90">policeman</part>
	<part frame="91">warden</part>
	<part frame="92">prisoner1</part>
	<part frame="93">prisoner2</part>
	<part frame="94">nerd</part>
	<part frame="95">tailor</part>
	<part frame="96">pretzelVendor</part>
	<part frame="97">hero1</part>
	<part frame="98">hero2</part>
	<part frame="99">hero3</part>
	<part frame="100">hero4</part>
	<part frame="101">hero5</part>
	<part frame="102">hero6</part>
	<part frame="103">badAgent</part>
	<part frame="104">agent1</part>
	<part frame="105">agent2</part>
	<part frame="106">camoShirt</part>
	<part frame="107">directorD</part>
	<part frame="108">tux</part>
	<part frame="109">SS</part>
	<part frame="110">promDress</part>
	<part frame="111">fm1</part>
	<part frame="112">fm2</part>
	<part frame="113">fm3</part>
	<part frame="114">fm4</part>
	<part frame="115">fm5</part>
	<part frame="116">fm6</part>
	<part frame="117">fm7</part>
	<part frame="118">Sears1</part>
	<part frame="119">Sears2</part>
	<part frame="120">Sears3</part>
	<part frame="121">Sears4</part>
	<part frame="122">Sears5</part>
	<part frame="123">Sears6</part>
	<part frame="124">Nim1</part>
	<part frame="125">Nim2</part>
	<part frame="126">legoHenchman</part>
	<part frame="127">africanLady1</part>
	<part frame="128">africanLady2</part>
	<part frame="129">africanLady3</part>
	<part frame="130">africanLady4</part>
	<part frame="131">africanGuy2</part>
	<part frame="132">africanShepherd</part>
	<part frame="133">africanLady5</part>
	<part frame="134">africanLady6</part>
	<part frame="135">egyptDigger</part>
	<part frame="136">egyptArch</part>
	<part frame="137">oldPilot</part>
	<part frame="138">miner1</part>
	<part frame="139">miner2</part>
	<part frame="140">sponsorCTC</part>
	<part frame="141">sponsorWalmartElfM</part>
	<part frame="142">sponsorWalmartElfF</part>
	<part frame="143">sponsorWallE</part>
	<part frame="144">vampire</part>
	<part frame="145">blackT</part>
	<part frame="146">pinkV</part>
	<part frame="147">boyShirt1</part>
	<part frame="148">hippie</part>
	<part frame="149">lawyer</part>
	<part frame="150">librarian</part>
	<part frame="151">basketball</part>
	<part frame="152">muiscLoverG</part>
	<part frame="153">fastFood</part>
	<part frame="154">hipHop</part>
	<part frame="155">girlScout</part>
	<part frame="156">hiker</part>
	<part frame="157">snootyGirl</part>
	<part frame="158">chef</part>
	<part frame="159">grandma</part>
	<part frame="160">biker</part>
	<part frame="161">cowGirl</part>
	<part frame="162">grandpa</part>
	<part frame="163">gothGirl</part>
	<part frame="164">geisha</part>
	<part frame="165">soccer</part>
	<part frame="166">baseball</part>
	<part frame="167">whiteCollar</part>
	<part frame="168">FLpirate1</part>
	<part frame="169">FLpirate2</part>
	<part frame="170">FLpirate3</part>
	<part frame="171">blueTie</part>
	<part frame="172">sponsorPW1</part>
	<part frame="173">sponsorPW2</part>
	<part frame="174">pKnight1</part>
	<part frame="175">pKnight2</part>
	<part frame="176">pKnight3</part>
	<part frame="177">pGeisha1</part>
	<part frame="178">pGeisha2</part>
	<part frame="179">pGeisha3</part>
	<part frame="180">pBall1</part>
	<part frame="181">pBall2</part>
	<part frame="182">pBall3</part>
	<part frame="183">pRiding1</part>
	<part frame="184">pRiding2</part>
	<part frame="185">pRiding3</part>
	<part frame="186">sponsorHSM3guy</part>
	<part frame="187">sponsorHSM3girl</part>
	<part frame="188">shirtVest1</part>
	<part frame="189">shirtVest2</part>
	<part frame="190">musicShirt1</part>
	<part frame="191">musicShirt2</part>
	<part frame="192">pRobot</part>
	<part frame="193">pRobot1b</part>
	<part frame="194">pLion</part>
	<part frame="195">pMouse</part>
	<part frame="196">pDog1</part>
	<part frame="197">pDog2</part>
	<part frame="198">pDog3</part>
	<part frame="199">pDragon1</part>
	<part frame="200">pDragon2</part>
	<part frame="201">pDragon3</part>
	<part frame="202">pRooster1</part>
	<part frame="203">pRooster2</part>
	<part frame="204">pRooster3</part>
	<part frame="205">pEgyptQ</part>
	<part frame="206">pZorro</part>
	<part frame="207">pSamurai</part>
	<part frame="208">pRockerGuy1</part>
	<part frame="209">pRockerGuy2</part>
	<part frame="210">pRockerGuy3</part>
	<part frame="211">pRockerGirl1</part>
	<part frame="212">pRockerGirl2</part>
	<part frame="213">pRockerGirl3</part>
	<part frame="214">pPopGirl1</part>
	<part frame="215">pNinja1</part>
	<part frame="216">pRobinhood1</part>
	<part frame="217">pRobinhood2</part>
	<part frame="218">pRobinhood3</part>
	<part frame="219">pRobinhood4</part>
	<part frame="220">pRobinhood5</part>
	<part frame="221">pFairy1</part>
	<part frame="222">pFairy2</part>
	<part frame="223">pFairy3</part>
	<part frame="224">sponsorPinoFairy</part>
	<part frame="225">sponsorPinoPino</part>
	<part frame="226">cyberJester</part>
	<part frame="227">astroMonk</part>
	<part frame="228">astroCult</part>
	<part frame="229">astroServant2</part>
	<part frame="230">astroChance</part>
	<part frame="231">redKnight</part>
	<part frame="232">blueKnight</part>
	<part frame="233">greenKnight</part>
	<part frame="234">astroGuard1</part>
	<part frame="235">astroPrincess</part>
	<part frame="236">astroEvilPrincess</part>
	<part frame="237">astroRoyal1</part>
	<part frame="238">astroServant1</part>
	<part frame="239">astroQueen</part>
	<part frame="240">astroKing</part>
	<part frame="241">astroVill1</part>
	<part frame="242">astroManure</part>
	<part frame="243">astroVill2</part>
	<part frame="244">astroGuard2</part>
	<part frame="245">astroFarmer</part>
	<part frame="246">sponsorFLoct</part>
	<part frame="247">sponsorFLoct2</part>
	<part frame="248">astroVill3</part>
	<part frame="249">astroVill4</part>
	<part frame="250">astroPes2</part>
	<part frame="251">astroPes1</part>
	<part frame="252">astrocurrator</part>
	<part frame="253">astroGossip1</part>
	<part frame="254">astroGossip2</part>
	<part frame="255">astroGossip3</part>
	<part frame="256">astroGossip4</part>
	<part frame="257">astroGossip5</part>
	<part frame="258">astroAlien1</part>
	<part frame="259">astroAlien2</part>
	<part frame="260">astroAlien3</part>
	<part frame="261">astroAlien4</part>
	<part frame="262">astroZone</part>
	<part frame="263">pSingerGuy1</part>
	<part frame="264">pSingerGuy2</part>
	<part frame="265">pSingerGuy3</part>
	<part frame="266">pPirateGuy1</part>
	<part frame="267">pPirateGirl1</part>
	<part frame="268">pBaseballGirl1</part>
	<part frame="269">pBaseballGirl2</part>
	<part frame="270">pBaseballGirl3</part>
	<part frame="271">pBaseballGuy1</part>
	<part frame="272">pBaseballGuy2</part>
	<part frame="273">pBaseballGuy3</part>
	<part frame="274">pCowboy1</part>
	<part frame="275">pRobot2</part>
	<part frame="276">pRobot3</part>
	<part frame="277">pRobot4_1</part>
	<part frame="278">pRobot4_2</part>
	<part frame="279">pRobot4_3</part>
	<part frame="280">pRobot5</part>
	<part frame="281">pKarateBoy1</part>
	<part frame="282">pKarateBoy2</part>
	<part frame="283">pKarateBoy3</part>
	<part frame="284">pKarateGirl1</part>
	<part frame="285">pKarateGirl2</part>
	<part frame="286">pKarateGirl3</part>
	<part frame="287">pCheerleader1</part>
	<part frame="288">pCheerleader2</part>
	<part frame="289">pCheerleader3</part>
	<part frame="290">pCheerleadeGoth</part>
	<part frame="291">sponsorWM1</part>
	<part frame="292">sponsorWM2</part>
	<part frame="293">sponsorBedB1</part>
	<part frame="294">sponsorCWMB1</part>
	<part frame="295">sponsorCWMB2</part>
	<part frame="296">pFirefighter1</part>
	<part frame="297">pClown1</part>
	<part frame="298">pNinjaLE</part>
	<part frame="299">pSheDevil</part>
	<part frame="300">pDevil1</part>
	<part frame="301">pAngel</part>
	<part frame="302">sponsorLegoBio</part>
	<part frame="303">pBiker1</part>
	<part frame="304">pDareD1</part>
	<part frame="305">pumpkin</part>
	<part frame="306">grimReaper</part>
	<part frame="307">frankenstein</part>
	<part frame="308">frankBride</part>
	<part frame="309">sponsorAstro1</part>
	<part frame="310">sponsorAstro2</part>
	<part frame="311">hyde</part>
	<part frame="312">sponsorGbCrow</part>
	<part frame="313">witch</part>
	<part frame="314">witch2</part>
	<part frame="315">vampire2</part>
	<part frame="316">sponsorTinkerbell</part>
	<part frame="317">sponsorTinkerbell3</part>
	<part frame="318">sponsorTinkerbell4</part>
	<part frame="319">sponsorFuel1</part>
	<part frame="320">sponsorFuel2</part>
	<part frame="321">sponsorEC1</part>
	<part frame="322">sponsorEC2</part>
	<part frame="323">pWolf1</part>
	<part frame="324">pWolf2</part>
	<part frame="325">pLagoon</part>
	<part frame="326">pMunster</part>
	<part frame="327">sponsorSBsanta4</part>
	<part frame="328">sponsorPFxmas</part>
	<part frame="329">sponsorNM2guard</part>
	<part frame="330">blackWidow1</part>
	<part frame="331">blackWidow2</part>
	<part frame="332">shadyCop</part>
	<part frame="333">curator</part>
	<part frame="334">tourGuide</part>
	<part frame="335">chef2</part>
	<part frame="336">conWorker1</part>
	<part frame="337">curator2</part>
	<part frame="338">securityGuard1</part>
	<part frame="339">mime</part>
	<part frame="340">patron1</part>
	<part frame="341">counterRes1</part>
	<part frame="342">counterRes2</part>
	<part frame="343">pBallerina1</part>
	<part frame="344">pBallerina2</part>
	<part frame="345">pBallerina3</part>
	<part frame="346">pTigerShark</part>
	<part frame="347">frenchPol1</part>
	<part frame="348">sponsorSpyNext</part>
	<part frame="349">momChar1</part>
	<part frame="350">dadChar1</part>
	<part frame="351">sponsorCBee</part>
	<part frame="352">shirtEarly</part>
	<part frame="353">shirtShark</part>
	<part frame="354">shirtTime</part>
	<part frame="355">shirtCarrot</part>
	<part frame="356">shirtSuper</part>
	<part frame="357">shirtSpy</part>
	<part frame="358">shirtNabooti</part>
	<part frame="359">shirtNate</part>
	<part frame="360">shirtAstro</part>
	<part frame="361">shirtCounter</part>
	<part frame="362">shirtTV</part>
	<part frame="363">buckyFan</part>
	<part frame="364">buckyLucas</part>
	<part frame="365">tvSalesman</part>
	<part frame="366">papaPetes</part>
	<part frame="367">mikesMarket</part>
	<part frame="368">motelOwner</part>
	<part frame="369">realityTeen</part>
	<part frame="370">realityBoy</part>
	<part frame="371">realityGirl</part>
	<part frame="372">sponsorWilson</part>
	<part frame="373">sponsorDitch</part>
	<part frame="374">sponsorFizzy</part>
	<part frame="375">sponsorMonkeyBall</part>
	<part frame="376">pFootball1</part>
	<part frame="377">pFootball2</part>
	<part frame="378">pFootball3</part>
	<part frame="379">pFootball4</part>
	<part frame="380">charon</part>
	<part frame="381">hades</part>
	<part frame="382">medusa</part>
	<part frame="383">zeus</part>
	<part frame="384">athena</part>
	<part frame="385">aphrodite</part>
	<part frame="386">dionysus</part>
	<part frame="387">minotaur</part>
	<part frame="388">athenaOld</part>
	<part frame="389">aeolus</part>
	<part frame="390">mythPes1</part>
	<part frame="391">mythPes2</part>
	<part frame="392">mythPes3</part>
	<part frame="393">mythPes4</part>
	<part frame="394">mythPes5</part>
	<part frame="395">mythPes6</part>
	<part frame="396">mythPes7</part>
	<part frame="397">mythTeen1</part>
	<part frame="398">mythTeen2</part>
	<part frame="399">mythBeach1</part>
	<part frame="400">mythBeach2</part>
	<part frame="401">sponsorBF5a</part>
	<part frame="402">sponsorBF5b</part>
	<part frame="403">sponsorBF5c</part>
	<part frame="404">sponsorBF5d</part>
	<part frame="405">sponsorBF5e</part>
	<part frame="406">sponsorWimpy1</part>
	<part frame="407">sponsorTSBRbuzz</part>
	<part frame="408">sponsorTSBRjess</part>
	<part frame="409">sponsorTSBRalien</part>
	<part frame="410">sponsorTSBRwoody</part>
	<part frame="411">pMagic1</part>
	<part frame="412">pPunkGuy1</part>
	<part frame="413">pPunkGuy2</part>
	<part frame="414">pPunkGuy3</part>
	<part frame="415">pPunkGuy4</part>
	<part frame="416">pPunkGuy5</part>
	<part frame="417">pPunkGirl1</part>
	<part frame="418">pPunkGirl2</part>
	<part frame="419">pPunkGirl3</part>
	<part frame="420">pPunkGirl4</part>
	<part frame="421">pPunkGirl5</part>
	<part frame="422">pDrHare_Hench</part>
	<part frame="423">pEinstein</part>
	<part frame="424">pEinstein2</part>
	<part frame="425">pEarthKnight</part>
	<part frame="426">pGirlKnight</part>
	<part frame="427">pDarkKnight_boy</part>
	<part frame="428">pDarkKnight_girl</part>
	<part frame="429">pFool</part>
	<part frame="430">sponsorGoldfish1</part>
	<part frame="431">sponsorKoiFish</part>
	<part frame="432">skullMainGuard1</part>
	<part frame="433">skullOrleansGuard</part>
	<part frame="434">fisherman3</part>
	<part frame="435">skullMainBoy</part>
	<part frame="436">captCrawfish</part>
	<part frame="437">skullMainGov</part>
	<part frame="438">skullMainServant</part>
	<part frame="439">skullMainMerch</part>
	<part frame="440">skullMainOldMan</part>
	<part frame="441">skullMainHayLady</part>
	<part frame="442">skullMainOldLady</part>
	<part frame="443">skullMainFarmLady</part>
	<part frame="444">skullMainFarmer2</part>
	<part frame="445">skullMainClerk</part>
	<part frame="446">skullMainGirl</part>
	<part frame="447">skullMainSadLady</part>
	<part frame="448">skullPirate1</part>
	<part frame="449">skullPirate2</part>
	<part frame="450">skullPirate3</part>
	<part frame="451">skullPirate4</part>
	<part frame="452">skullPirate5</part>
	<part frame="453">skullPirate6</part>
	<part frame="454">skullPirate7</part>
	<part frame="455">skullMerchant2</part>
	<part frame="456">skullMerchant3</part>
	<part frame="457">skullMerchant4</part>
	<part frame="458">skullPirate8</part>
	<part frame="459">skullPirate9</part>
	<part frame="460">skullSam</part>
	<part frame="461">skullNavigator</part>
	<part frame="462">skullInk</part>
	<part frame="463">skullElegantLady</part>
	<part frame="464">skullMerchant1</part>
	<part frame="465">skullMoroLady1</part>
	<part frame="466">skullMoroLady2</part>
	<part frame="467">skullMoroLady3</part>
	<part frame="468">skullMoroBank1</part>
	<part frame="469">skullMoroGuy1</part>
	<part frame="470">skullMoroGuy2</part>
	<part frame="471">skullMoroGuy3</part>
	<part frame="472">skullChinaGuy1</part>
	<part frame="473">skullChinaGuy2</part>
	<part frame="474">skullChinaWorker1</part>
	<part frame="475">skullChinaShipwright</part>
	<part frame="476">skullChinaWiseWoman</part>
	<part frame="477">skullChinaShipSell</part>
	<part frame="478">skullChinaMerch</part>
	<part frame="479">pEarthDay</part>
	<part frame="480">sponsorHypnotic</part>
	<part frame="481">pSkullPirate1a</part>
	<part frame="482">pSkullPirate1b</part>
	<part frame="483">pSkullPirate1c</part>
	<part frame="484">pSkullPirate1d</part>
	<part frame="485">sponsorMH_shirt1</part>
	<part frame="486">sponsorMH_shirt2</part>
	<part frame="487">sponsorMH_shirt3</part>
	<part frame="488">sponsorMH_shirt4</part>
	<part frame="489">sponsorMH_shirt5</part>
	<part frame="490">sponsorMH_shirt6</part>
	<part frame="491">sponsorMH_shirt7</part>
	<part frame="492">pDaisy</part>
	<part frame="493">pPromKing1a</part>
	<part frame="494">pPromKing1b</part>
	<part frame="495">pPromKing1c</part>
	<part frame="496">pPromKing1d</part>
	<part frame="497">pPromQueen1a</part>
	<part frame="498">pPromQueen1b</part>
	<part frame="499">pPromQueen1c</part>
	<part frame="500">pPromQueen1d</part>
	<part frame="501">pPromQueen1e</part>
	<part frame="502">sponsorAgnes</part>
	<part frame="503">sponsorEdith</part>
	<part frame="504">sponsorMargo</part>
	<part frame="505">sponsorGoldfish2</part>
	<part frame="506">sponsorPercyJackson</part>
	<part frame="507">sponsorPercyZues</part>
	<part frame="508">sponsorPercyMedusa</part>
	<part frame="509">surferDude</part>
	<part frame="510">pMythSurferZeus</part>
	<part frame="511">pMythSurferHades</part>
	<part frame="512">pMythSurferPose</part>
	<part frame="513">pGradBoy1a</part>
	<part frame="514">pGradBoy1b</part>
	<part frame="515">pGradBoy3c</part>
	<part frame="516">pGradGirl1a</part>
	<part frame="517">pGradGirl1b</part>
	<part frame="518">pGradGirl1c</part>
	<part frame="519">pSoccer1a</part>
	<part frame="520">pSoccer1b</part>
	<part frame="521">pSoccer1c</part>
	<part frame="522">pSoccer1d</part>
	<part frame="523">sponsor_SelenaG</part>
	<part frame="524">sponsor_Ramona</part>
	<part frame="525">sponsor_SpyHelmet</part>
	<part frame="526">pHammerShark</part>
	<part frame="527">steamZach</part>
	<part frame="528">steamWorker1</part>
	<part frame="529">steamMayor</part>
	<part frame="530">steamCaptain</part>
	<part frame="531">steamSully</part>
	<part frame="532">steamPilot</part>
	<part frame="533">pGamerGirl_invader</part>
	<part frame="534">pGamerGirl_stick</part>
	<part frame="535">pGamerDude_invader</part>
	<part frame="536">pGamerDude_stick</part>
	<part frame="537">pNerdBoy</part>
	<part frame="538">pNerdGirl</part>
	<part frame="539">pVampire_boy</part>
	<part frame="540">pVampire_girl01</part>
	<part frame="541">pVampire_girl02</part>
	<part frame="542">pVampire_girl03</part>
	<part frame="543">sponsorTinkBobble</part>
	<part frame="544">sponsorFarmGirl</part>
	<part frame="545">sponsorFarmKid</part>
	<part frame="546">sponsorFarmBoy</part>
	<part frame="547">sponsorCityBoy</part>
	<part frame="548">sponsorCityGirl</part>
	<part frame="549">sponsorFarmMom</part>
	<part frame="550">sponsorNannyMcPhee</part>
	<part frame="551">pMotionShirt</part>
	<part frame="552">sponsorAlphaOmega</part>
	<part frame="553">sponsorAO_Omega</part>
	<part frame="554">sponsorAO_Alpha</part>
	<part frame="555">sponsor_POK-King</part>
	<part frame="556">sponsor_POK-Mason</part>
	<part frame="557">sponsor_POK-Tarantula</part>
	<part frame="558">sponsor_Fish_Hooks</part>
	<part frame="559">sponsor_KK_Bully01</part>
	<part frame="560">sponsor_MrHan</part>
	<part frame="561">sponsor_KarateKid</part>
	<part frame="562">Birthday_3</part>
	<part frame="563">TowerPrep_boy</part>
	<part frame="564">TowerPrep_Girl</part>
	<part frame="565">sponsor_BarbiePirate</part>
	<part frame="566">sponsor_BarbieVampire</part>
	<part frame="567">sponsor_BarbieWizard</part>
	<part frame="568">sponsor_BarbieBee</part>
	<part frame="569">sponsor_BarbieB</part>
	<part frame="570">sponsor_BarbieCat</part>
	<part frame="571">sponsorBarbieGGdog1</part>
	<part frame="572">sponsorBarbieGGdog2</part>
	<part frame="573">sponsorBarbieGGdog3</part>
	<part frame="574">sponsorBarbieGGdog4</part>
	<part frame="575">sponsorBarbieGGgirl</part>
	<part frame="576">sponsorBarbieGGgirl2</part>
	<part frame="577">scottishMan</part>
	<part frame="578">rowBoatMan</part>
	<part frame="579">subGuide</part>
	<part frame="580">Nessie_tourist1</part>
	<part frame="581">Nessie_tourist2</part>
	<part frame="582">pinkTux</part>
	<part frame="583">barbiePinkShirt1</part>
	<part frame="584">pBigFoot</part>
	<part frame="585">Gulliver</part>
	<part frame="586">sponsorHNC_HoneyDefender</part>
	<part frame="587">haroldMews</part>
	<part frame="588">gretchen</part>
	<part frame="589">gardener</part>
	<part frame="590">balloonPilate01</part>
	<part frame="591">balloonPilot02</part>
	<part frame="592">gliderGirl</part>
	<part frame="593">MaintenanceMan</part>
	<part frame="594">snootyLady</part>
	<part frame="595">butler</part>
	<part frame="596">HunterGiveUp</part>
	<part frame="597">barPatron1</part>
	<part frame="598">surlyDartMan</part>
	<part frame="599">barPatron2</part>
	<part frame="600">bartenderPub</part>
	<part frame="601">farmerBoy</part>
	<part frame="602">PuertoRicoFarmer1</part>
	<part frame="603">PuertoRicanFarmersBrother</part>
	<part frame="604">PuertoRicoFarmer2</part>
	<part frame="605">oldSherpa</part>
	<part frame="606">youngSherpa</part>
	<part frame="607">monk</part>
	<part frame="608">NateG</part>
	<part frame="609">townie2</part>
	<part frame="610">townie3</part>
	<part frame="611">townie4</part>
	<part frame="612">fortuneHunter2</part>
	<part frame="613">fortuneHunter1</part>
	<part frame="614">wwSaloonGirl</part>
	<part frame="615">wwPrettyWoman</part>
	<part frame="616">pTangled_n_Lights</part>
	<part frame="617">pDisco_King</part>
	<part frame="618">pDisco_Queen</part>
	<part frame="619">sponsorRedRanger</part>
	<part frame="620">sponsorYellowRanger</part>
	<part frame="621">promoWWmemOnly</part>
	<part frame="622">sponsorGnomeo</part>
	<part frame="623">sponsorJuliet</part>
	<part frame="624">sponsorPinkRanger</part>
	<part frame="625">wwTrader</part>
	<part frame="626">wwMustachio</part>
	<part frame="627">wwMustachioB</part>
	<part frame="628">wwPonyExpress</part>
	<part frame="629">wwPonyExpressB</part>
	<part frame="630">wwRJEarl</part>
	<part frame="631">wwMarshal</part>
	<part frame="632">wwDeputy</part>
	<part frame="633">wwRuby</part>
	<part frame="634">wwGSEvil</part>
	<part frame="635">wwGambler</part>
	<part frame="636">wwAnnie</part>
	<part frame="637">wwPhoto</part>
	<part frame="638">wwBanker</part>
	<part frame="639">wwConductor</part>
	<part frame="640">wwCattledriver</part>
	<part frame="641">wwRancher</part>
	<part frame="642">wwBanditGirl</part>
	<part frame="643">wwProspector</part>
	<part frame="644">sponsor_Transformers_Op</part>
	<part frame="645">sponsor_Transformers_Meg</part>
	<part frame="646">wwIndianGirl</part>
	<part frame="647">wwMan</part>
	<part frame="648">wwCowgirl</part>
	<part frame="649">wwGenericGuy</part>
	<part frame="650">wwAnnouncer</part>
	<part frame="651">wwCasinoPatron2</part>
	<part frame="652">wwBeardLady</part>
	<part frame="653">wwYoungGun</part>
	<part frame="654">wwGenericLady</part>
	<part frame="655">wwSlouch01</part>
	<part frame="656">wwInvisible</part>
	<part frame="657">wwRough</part>
	<part frame="658">wwNoName</part>
	<part frame="659">RattleSnake</part>
	<part frame="660">sponsonrMarsNeedsMoms</part>
	<part frame="661">sponsorDOWK2</part>
	<part frame="662">paperGirl</part>
	<part frame="663">pOutlaw_boys</part>
	<part frame="664">pOutlaw_girls</part>
	<part frame="665">pLawman</part>
	<part frame="666">sponsorNoah</part>
	<part frame="667">sponsorChuck</part>
	<part frame="668">sponsorMH_swim1</part>
	<part frame="669">MTHyokozuna</part>
	<part frame="670">MTHbonsaiWoman</part>
	<part frame="671">MTHjack</part>
	<part frame="672">MTHannie</part>
	<part frame="673">MTHfisherman</part>
	<part frame="674">MTHshogunCasual</part>
	<part frame="675">MTHshogunArmor</part>
	<part frame="676">MTHbasho</part>
	<part frame="677">pNinja02</part>
	<part frame="678">MTHreferee</part>
	<part frame="679">MTHtownie01</part>
	<part frame="680">MTHtownie02</part>
	<part frame="681">MTHtownie03</part>
	<part frame="682">MTHtownie04</part>
	<part frame="683">pMTHsumo1</part>
	<part frame="684">pMTHsumo2</part>
	<part frame="685">pMTHsumo3</part>
	<part frame="686">pMTHsumo4</part>
	<part frame="687">MTHsamurai01</part>
	<part frame="688">MTHninjaBlue</part>
	<part frame="689">MTHninjaWhite</part>
	<part frame="690">MTHprisoner</part>
	<part frame="691">MTHdragonPuppeteer</part>
	<part frame="692">MTHkimono01</part>
	<part frame="693">MTHkimono02</part>
	<part frame="694">MTHkimono03</part>
	<part frame="695">MTHkimono04</part>
	<part frame="696">MTHkimono05</part>
	<part frame="697">MTHyokoAsst</part>
	<part frame="698">MTHyWoman</part>
	<part frame="699">MTHbookie</part>
	<part frame="700">MTHartist</part>
	<part frame="701">MTHforeman</part>
	<part frame="702">sponsorGoldfishBunniesShirt</part>
	<part frame="703">MTHgardener01</part>
	<part frame="704">MTHgardener02</part>
	<part frame="705">MTHgardener03</part>
	<part frame="706">MTHgardener04</part>
	<part frame="707">MTHfanDancer</part>
	<part frame="708">sponsor_LooneyTunesShow</part>
	<part frame="709">sponsorLemonadeMouth</part>
	<part frame="710">sponsorLM_Olivia</part>
	<part frame="711">sponsor_LM_Mo</part>
	<part frame="712">sponsorLM_Stella</part>
	<part frame="713">MTHfemWar</part>
	<part frame="714">sponsor_KickinIt</part>
	<part frame="715">sponsor_GnomeoBluRayBlue</part>
	<part frame="716">sponsor_GnomeoBluRayRed</part>
	<part frame="717">sponsor_GnomeoBluRayGreen</part>
	<part frame="718">sponsor_JudyMoody</part>
	<part frame="719">sponsorStink</part>
	<part frame="720">sponsorRingLeader</part>
	<part frame="721">TcamoGuy</part>
	<part frame="722">TiceSH</part>
	<part frame="723">TpirateBlue</part>
	<part frame="724">TshrkSfr</part>
	<part frame="725">TrockStar</part>
	<part frame="726">SRcj</part>
	<part frame="727">SRdad</part>
	<part frame="728">SRshady</part>
	<part frame="729">TboogaShaman</part>
	<part frame="730">sponsor_wmpy2Logo</part>
	<part frame="731">sponsorWimpy2Diper</part>
	<part frame="732">SRsilva</part>
	<part frame="733">SRgirl</part>
	<part frame="734">sponsorBeachBall</part>
	<part frame="735">sponsorSmurfs</part>
	<part frame="736">sponsorSmurfsBlueshirt</part>
	<part frame="737">Tcumulos</part>
	<part frame="738">Sponsor_AdventureTime_FinnShirt</part>
	<part frame="739">Tninja01</part>
	<part frame="740">Tsamurai</part>
	<part frame="741">mtHoundini</part>
	<part frame="742">mtTwain</part>
	<part frame="743">mtEdison</part>
	<part frame="744">mtCleveland</part>
	<part frame="745">mtSusanB</part>
	<part frame="746">mtPorter</part>
	<part frame="747">mtPinkertonThug</part>
	<part frame="748">MTtesla</part>
	<part frame="749">MTferris</part>
	<part frame="750">MTeiffel</part>
	<part frame="751">MTnyReporter</part>
	<part frame="752">MTfReporter</part>
	<part frame="753">MTtownie01</part>
	<part frame="754">MTtownie02</part>
	<part frame="755">MTtownie03</part>
	<part frame="756">Mtrich01</part>
	<part frame="757">MTrich02</part>
	<part frame="758">Mtrich03</part>
	<part frame="759">mtCookSlowShirt</part>
	<part frame="760">mtCookFastShirt</part>
	<part frame="761">mtHostess</part>
	<part frame="762">mtDancer</part>
	<part frame="763">mtPoliceman</part>
	<part frame="764">mtFeeder</part>
	<part frame="765">mtJuggler</part>
	<part frame="766">TrockKnight</part>
	<part frame="767">TdreadRocker</part>
	<part frame="768">pSherlock</part>
	<part frame="769">sponsorHasbroFGN</part>
	<part frame="770">sponsorHasbroFGN2</part>
	<part frame="771">sponsorAuntOpal</part>
	<part frame="772">sponsor_carnivalSuit</part>
	<part frame="773">sponsor_JudyShirt</part>
	<part frame="774">sponsorZookeeperGorilla</part>
	<part frame="775">sponsorZookeeper</part>
	<part frame="776">sponsor_JEttux</part>
	<part frame="777">sponsor_M17</part>
	<part frame="778">sponsor_tucker</part>
	<part frame="779">GSfactoryWorker</part>
	<part frame="780">GSdiaper</part>
	<part frame="781">sponsorPussNBoots_shirt</part>
	<part frame="782">ZombieBoy</part>
	<part frame="783">ZombieGirl</part>
	<part frame="784">sponsor_CabinFever</part>
	<part frame="785">GSrobotPromo</part>
	<part frame="786">EVile</part>
	<part frame="787">sponsorChipWrecked_shirt</part>
	<part frame="788">sponsorChipWrecked_pSailing</part>
	<part frame="789">sponsorChipWrecked_tAlvin</part>
	<part frame="790">sponsorChipWrecked_tBritney</part>
	<part frame="791">sponsorChipWrecked_Alvin</part>
	<part frame="792">sponsorChipWrecked_Brit</part>
	<part frame="793">sponsorChipWrecked_Zoe</part>
	<part frame="794">sponsorBen10_Ben</part>
	<part frame="795">sponsorBen10_Rex</part>
	<part frame="796">sponsorBen10_agentSixSuit</part>
	<part frame="797">sponsorChipWrecked_Simon</part>
	<part frame="798">sponsorChipWrecked_Jeanette</part>
	<part frame="799">Gboater</part>
	<part frame="800">Gcloaked</part>
	<part frame="801">Gcrone</part>
	<part frame="802">Ginnk</part>
	<part frame="803">Ginnkw</part>
	<part frame="804">Glodger</part>
	<part frame="805">Gtent</part>
	<part frame="806">Gtour</part>
	<part frame="807">Glighthouse</part>
	<part frame="808">Gvaliant</part>
	<part frame="809">Gtinfoil</part>
	<part frame="810">Gbaker</part>
	<part frame="811">GpromoDaphne</part>
	<part frame="812">GpromoBrownLady</part>
	<part frame="813">GpromoHeadless</part>
	<part frame="814">GpromoHunter</part>
	<part frame="815">SRishmael</part>
	<part frame="816">SRflask</part>
	<part frame="817">SRstubb</part>
	<part frame="818">SRstarbuck</part>
	<part frame="819">SRrich</part>
	<part frame="820">sponsorTreasureBuddies</part>
	<part frame="821">sponsor_Arrietty_Pod</part>
	<part frame="822">sponsor_Arrietty</part>
	<part frame="823">sponsor_Arrietty_tshirt</part>
	<part frame="824">sponsorRedRangerSS</part>
	<part frame="825">sponsorBlueRanger</part>
	<part frame="826">sponsorGoldRanger</part>
	<part frame="827">sponsorRangersMooger</part>
	<part frame="828">sponsor_GoldfishActiveQuest2</part>
	<part frame="829">sponsor_Lorax_tshirt</part>
	<part frame="830">VCvillager1</part>
	<part frame="831">VCkatyasMom</part>
	<part frame="832">VCcashier</part>
	<part frame="833">VCkatya</part>
	<part frame="834">VCgothGirl</part>
	<part frame="835">VCvillage2</part>
	<part frame="836">VCchris</part>
	<part frame="837">VCvillager3</part>
	<part frame="838">VCgothBoy</part>
	<part frame="839">sponsor_Mooney</part>
	<part frame="840">sponsorMirrorMirror_blouse</part>
	<part frame="841">sponsorUltimateSpiderman_shirt</part>
	<part frame="842">p_countessVampire</part>
	<part frame="843">p_CountVampire</part>
	<part frame="844">TT_elf1</part>
	<part frame="845">TT_elfQueen</part>
	<part frame="846">TT_boy</part>
	<part frame="847">WLgoon</part>
	<part frame="848">pLumberjerk</part>
	<part frame="849">pLeprechaun</part>
	<part frame="850">sponsorThePirates_LizShirt</part>
	<part frame="851">sponsorThePirates_CapShirt</part>
	<part frame="852">sponsor_PollyP_ssuit1</part>
	<part frame="853">sponsor_PollyP_ssuit2</part>
	<part frame="854">sponsorPollyP_suit4</part>
	<part frame="855">sponsor_Lilly</part>
	<part frame="856">sponsor_Rick</part>
	<part frame="857">sponsor_PollyPocket</part>
	<part frame="858">sponsor_PollyP_Reward</part>
	<part frame="859">Sponsor_AdventureTime_FakeFinnShirt</part>
</parts>